Timestamp,LCF,LAF
10/2/2018 0:00,70,62.7
10/2/2018 1:00,68.9,61
10/2/2018 2:00,67.5,59
10/2/2018 3:00,66.3,57
10/2/2018 4:00,64,54.7
10/2/2018 5:00,70.6,58.1
10/2/2018 6:00,69.8,56.9
10/2/2018 7:00,70.3,58.9
10/2/2018 8:00,73.6,63.6
10/2/2018 9:00,76.1,61.6
10/2/2018 10:00,76.5,64.6
10/2/2018 11:00,74.1,59.6
10/2/2018 12:00,77,62.8
10/2/2018 13:00,77.2,65.5
10/2/2018 14:00,76.8,63.7
10/2/2018 15:00,75.5,63.7
10/2/2018 16:00,72.5,62.1
10/2/2018 17:00,73.5,60.6
10/2/2018 18:00,73.9,61.8
10/2/2018 19:00,75.6,62.9
10/2/2018 20:00,74.5,61.8
10/2/2018 21:00,74.8,62.2
10/2/2018 22:00,76.4,63.2
10/2/2018 23:00,78.4,60.9
10/3/2018 0:00,73.3,62.3
10/3/2018 1:00,70.6,58.7
10/3/2018 2:00,73.6,61
10/3/2018 3:00,70.1,58.9
10/3/2018 4:00,69.1,55.7
10/3/2018 5:00,68.6,55.6
10/3/2018 6:00,68,52.6
10/3/2018 7:00,67.1,53.7
10/3/2018 8:00,73.6,61.3
10/3/2018 9:00,74.3,61.8
10/3/2018 10:00,75,64.4
10/3/2018 11:00,75.1,66.1
10/3/2018 12:00,75.3,62
10/3/2018 13:00,73.6,62.2
10/3/2018 14:00,77.5,63
10/3/2018 15:00,74.4,62.8
10/3/2018 16:00,74.8,61.8
10/3/2018 17:00,73,61.3
10/3/2018 18:00,73,62.5
10/3/2018 19:00,75,60.3
10/3/2018 20:00,75.1,63.1
10/3/2018 21:00,77.4,65.2
10/3/2018 22:00,75.2,62.9
10/3/2018 23:00,78,63.7
10/4/2018 0:00,73.9,64.3
10/4/2018 1:00,74.6,63.8
10/4/2018 2:00,72.7,64.6
10/4/2018 3:00,71.2,57.6
10/4/2018 4:00,71.3,59.4
10/4/2018 5:00,69,55.6
10/4/2018 6:00,69,61.3
10/4/2018 7:00,70,56.8
10/4/2018 8:00,73.6,60.3
10/4/2018 9:00,74.7,62.2
10/4/2018 10:00,76.9,63.7
10/4/2018 11:00,77.5,65.2
10/4/2018 12:00,75.4,62.8
10/4/2018 13:00,76.8,64.5
10/4/2018 14:00,76.9,74.6
10/4/2018 15:00,76.1,65.2
10/4/2018 16:00,74.3,63.8
10/4/2018 17:00,76.4,67.1
10/4/2018 18:00,74.2,67.1
10/4/2018 19:00,76,67.5
10/4/2018 20:00,74.8,65
10/4/2018 21:00,76.2,65.1
10/4/2018 22:00,75.7,64.3
10/4/2018 23:00,77.7,66.3
10/5/2018 0:00,75.8,64.5
10/5/2018 1:00,73.6,62.9
10/5/2018 2:00,71.9,61.3
10/5/2018 3:00,71,61
10/5/2018 4:00,70.6,58.2
10/5/2018 5:00,68.7,55.5
10/5/2018 6:00,69.6,59.3
10/5/2018 7:00,70.9,56.7
10/5/2018 8:00,72.9,63
10/5/2018 9:00,75.8,62.7
10/5/2018 10:00,75.5,64.3
10/5/2018 11:00,75.3,62.5
10/5/2018 12:00,77.1,63.9
10/5/2018 13:00,78.7,63.2
10/5/2018 14:00,74.7,62.3
10/5/2018 15:00,76.2,63.4
10/5/2018 16:00,78.2,63.2
10/5/2018 17:00,77.1,64.6
10/5/2018 18:00,73.2,63.7
10/5/2018 19:00,74.8,62.7
10/5/2018 20:00,74.8,66
10/5/2018 21:00,77.1,66.8
10/5/2018 22:00,76.8,61.5
10/5/2018 23:00,77.7,62
10/6/2018 0:00,73.4,61
10/6/2018 1:00,74.8,62.3
10/6/2018 2:00,74,69.5
10/6/2018 3:00,71,61.7
10/6/2018 4:00,71.3,56.7
10/6/2018 5:00,69.6,56.4
10/6/2018 6:00,69.3,59.7
10/6/2018 7:00,71.6,62
10/6/2018 8:00,71.9,59.4
10/6/2018 9:00,76.2,62
10/6/2018 10:00,75.9,64.1
10/6/2018 11:00,76.6,64.8
10/6/2018 12:00,76.4,62
10/6/2018 13:00,80.6,64.1
10/6/2018 14:00,77.2,63.9
10/6/2018 15:00,75.7,64.4
10/6/2018 16:00,75.1,64.2
10/6/2018 17:00,75.5,63.7
10/6/2018 18:00,74.6,61.6
10/6/2018 19:00,76,62.1
10/6/2018 20:00,74.3,65.8
10/6/2018 21:00,74.6,65.3
10/6/2018 22:00,76.4,63.1
10/6/2018 23:00,73.3,62.1
10/7/2018 0:00,72.9,62.2
10/7/2018 1:00,74,70.1
10/7/2018 2:00,70.1,59.1
10/7/2018 3:00,75.1,59.6
10/7/2018 4:00,68.6,57.5
10/7/2018 5:00,69.6,62.3
10/7/2018 6:00,70.6,58.3
10/7/2018 7:00,67.7,56
10/7/2018 8:00,73.3,58
10/7/2018 9:00,76.8,64.4
10/7/2018 10:00,77.6,71.3
10/7/2018 11:00,76.8,61.8
10/7/2018 12:00,74,63.6
10/7/2018 13:00,75.3,66.4
10/7/2018 14:00,78.5,64.2
10/7/2018 15:00,74.6,63.5
10/7/2018 16:00,73.5,61.8
10/7/2018 17:00,78.7,61.4
10/7/2018 18:00,74.6,60.9
10/7/2018 19:00,75.9,70
10/7/2018 20:00,74.6,65.2
10/7/2018 21:00,74,62.5
10/7/2018 22:00,75.1,63.2
10/7/2018 23:00,73.6,61.7
10/8/2018 0:00,73.7,63.5
10/8/2018 1:00,73.9,70.3
10/8/2018 2:00,71.3,61.5
10/8/2018 3:00,71.7,60.4
10/8/2018 4:00,79,79.4
10/8/2018 5:00,69.4,54.9
10/8/2018 6:00,74.7,55.9
10/8/2018 7:00,70,58.8
10/8/2018 8:00,71.9,60.3
10/8/2018 9:00,75.1,61.7
10/8/2018 10:00,77.4,66.3
10/8/2018 11:00,75.1,61.5
10/8/2018 12:00,76.6,63.9
10/8/2018 13:00,75.2,63.8
10/8/2018 14:00,74.3,63.8
10/8/2018 15:00,76.2,62.7
10/8/2018 16:00,76.5,60.9
10/8/2018 17:00,74.5,62.1
10/8/2018 18:00,75.8,63.3
10/8/2018 19:00,75.7,62.9
10/8/2018 20:00,77.4,65.7
10/8/2018 21:00,75.4,64.7
10/8/2018 22:00,76.4,61.8
10/8/2018 23:00,74.1,63.4
10/9/2018 0:00,73.6,64.5
10/9/2018 1:00,74.3,61.7
10/9/2018 2:00,74.4,
10/9/2018 3:00,73.1,
10/9/2018 4:00,72.3,
10/9/2018 5:00,67.5,
10/9/2018 6:00,69.4,
10/9/2018 7:00,75.3,
10/9/2018 8:00,74.1,
10/9/2018 9:00,77.2,
10/9/2018 10:00,78.7,
10/9/2018 11:00,75.9,
10/9/2018 12:00,76.2,
10/9/2018 13:00,75.9,
10/9/2018 14:00,75.7,
10/9/2018 15:00,76,
10/9/2018 16:00,74.1,
10/9/2018 17:00,74.6,
10/9/2018 18:00,75.1,
10/9/2018 19:00,77,
10/9/2018 20:00,75.3,
10/9/2018 21:00,75.2,
10/9/2018 22:00,76.3,
10/9/2018 23:00,75.6,
10/10/2018 0:00,74.9,
10/10/2018 1:00,74,
10/10/2018 2:00,73.3,
10/10/2018 3:00,73.4,
10/10/2018 4:00,70.9,
10/10/2018 5:00,76.7,
10/10/2018 6:00,77.5,
10/10/2018 7:00,74.4,
10/10/2018 8:00,73.3,
10/10/2018 9:00,83.5,
10/10/2018 10:00,79.3,
10/10/2018 11:00,76.3,
10/10/2018 12:00,75.3,
10/10/2018 13:00,77.1,
10/10/2018 14:00,76.9,
10/10/2018 15:00,74.4,
10/10/2018 16:00,77.8,
10/10/2018 17:00,75.9,
10/10/2018 18:00,76.5,
10/10/2018 19:00,74.6,
10/10/2018 20:00,74.2,
10/10/2018 21:00,73.7,
10/10/2018 22:00,75.6,
10/10/2018 23:00,75.4,
10/11/2018 0:00,74.6,
10/11/2018 1:00,72.3,
10/11/2018 2:00,73,
10/11/2018 3:00,71.3,
10/11/2018 4:00,69.9,
10/11/2018 5:00,69.4,
10/11/2018 6:00,69,
10/11/2018 7:00,69.6,
10/11/2018 8:00,72.1,
10/11/2018 9:00,76.1,
10/11/2018 10:00,74.6,
10/11/2018 11:00,75.6,
10/11/2018 12:00,76.1,
10/11/2018 13:00,76.5,
10/11/2018 14:00,77.3,
10/11/2018 15:00,78,
10/11/2018 16:00,78.9,
10/11/2018 17:00,75.6,
10/11/2018 18:00,76.8,
10/11/2018 19:00,77.4,
10/11/2018 20:00,75.7,
10/11/2018 21:00,76.6,
10/11/2018 22:00,76.6,
10/11/2018 23:00,73.4,
10/12/2018 0:00,74,
10/12/2018 1:00,73.5,
10/12/2018 2:00,73.4,
10/12/2018 3:00,71.5,
10/12/2018 4:00,69.7,
10/12/2018 5:00,69.2,
10/12/2018 6:00,70.3,
10/12/2018 7:00,68.1,
10/12/2018 8:00,71.1,
10/12/2018 9:00,76.3,
10/12/2018 10:00,76.2,
10/12/2018 11:00,74.3,
10/12/2018 12:00,77.5,
10/12/2018 13:00,76,
10/12/2018 14:00,74.9,
10/12/2018 15:00,75.2,
10/12/2018 16:00,73.8,
10/12/2018 17:00,74.3,
10/12/2018 18:00,75,
10/12/2018 19:00,78,
10/12/2018 20:00,74.7,
10/12/2018 21:00,75.3,
10/12/2018 22:00,75.3,
10/12/2018 23:00,75.3,
10/13/2018 0:00,73.7,
10/13/2018 1:00,75.4,
10/13/2018 2:00,73.4,
10/13/2018 3:00,71,
10/13/2018 4:00,69.6,
10/13/2018 5:00,69.2,
10/13/2018 6:00,67.5,
10/13/2018 7:00,68.5,
10/13/2018 8:00,70.9,
10/13/2018 9:00,77.6,
10/13/2018 10:00,79,
10/13/2018 11:00,76.7,
10/13/2018 12:00,77.1,
10/13/2018 13:00,77.3,
10/13/2018 14:00,76.7,
10/13/2018 15:00,76.4,
10/13/2018 16:00,79.2,
10/13/2018 17:00,77.6,
10/13/2018 18:00,75.8,
10/13/2018 19:00,75.3,
10/13/2018 20:00,73.6,
10/13/2018 21:00,74.9,
10/13/2018 22:00,73.7,
10/13/2018 23:00,74.6,
10/14/2018 0:00,75.4,
10/14/2018 1:00,74.1,
10/14/2018 2:00,73.8,
10/14/2018 3:00,71.9,
10/14/2018 4:00,70.7,
10/14/2018 5:00,68.2,
10/14/2018 6:00,67.6,
10/14/2018 7:00,67.3,
10/14/2018 8:00,72.8,
10/14/2018 9:00,75.6,
10/14/2018 10:00,75.6,
10/14/2018 11:00,77.2,
10/14/2018 12:00,77.6,
10/14/2018 13:00,75.4,
10/14/2018 14:00,75.8,
10/14/2018 15:00,76,
10/14/2018 16:00,73.4,
10/14/2018 17:00,76.7,
10/14/2018 18:00,81.5,
10/14/2018 19:00,75.8,
10/14/2018 20:00,79.2,
10/14/2018 21:00,79.5,
10/14/2018 22:00,74.7,
10/14/2018 23:00,75.9,
10/15/2018 0:00,77.1,
10/15/2018 1:00,75.8,
10/15/2018 2:00,73.1,
10/15/2018 3:00,76.5,
10/15/2018 4:00,68.9,
10/15/2018 5:00,68.9,
10/15/2018 6:00,68,
10/15/2018 7:00,68.9,
10/15/2018 8:00,73.8,
10/15/2018 9:00,75.8,
10/15/2018 10:00,77.3,
10/15/2018 11:00,75,
10/15/2018 12:00,75,
10/15/2018 13:00,77,
10/15/2018 14:00,76.8,
10/15/2018 15:00,75.7,
10/15/2018 16:00,73,
10/15/2018 17:00,74.1,
10/15/2018 18:00,74.5,
10/15/2018 19:00,75.2,
10/15/2018 20:00,74.9,
10/15/2018 21:00,74.9,
10/15/2018 22:00,77.9,
10/15/2018 23:00,77.1,
10/16/2018 0:00,75,
10/16/2018 1:00,73.9,
10/16/2018 2:00,72.2,
10/16/2018 3:00,71.8,
10/16/2018 4:00,69.8,
10/16/2018 5:00,67.1,
10/16/2018 6:00,68.4,
10/16/2018 7:00,70.1,
10/16/2018 8:00,73.1,
10/16/2018 9:00,75.2,
10/16/2018 10:00,75.1,
10/16/2018 11:00,76.4,
10/16/2018 12:00,75.7,
10/16/2018 13:00,76.8,
10/16/2018 14:00,77.2,
10/16/2018 15:00,76.3,
10/16/2018 16:00,76.4,
10/16/2018 17:00,75.6,
10/16/2018 18:00,75.1,
10/16/2018 19:00,74,
10/16/2018 20:00,84.2,
10/16/2018 21:00,75.5,
10/16/2018 22:00,73.1,
10/16/2018 23:00,75.5,
10/17/2018 0:00,76.6,
10/17/2018 1:00,75.3,
10/17/2018 2:00,72.4,
10/17/2018 3:00,73.4,
10/17/2018 4:00,69.7,
10/17/2018 5:00,69.6,
10/17/2018 6:00,69.5,
10/17/2018 7:00,69.2,
10/17/2018 8:00,73,
10/17/2018 9:00,74.8,
10/17/2018 10:00,74.9,
10/17/2018 11:00,74.6,
10/17/2018 12:00,79.8,
10/17/2018 13:00,76.2,
10/17/2018 14:00,76.7,
10/17/2018 15:00,76.3,
10/17/2018 16:00,73.9,
10/17/2018 17:00,74.3,
10/17/2018 18:00,75.2,
10/17/2018 19:00,73.6,
10/17/2018 20:00,74.8,
10/17/2018 21:00,76.1,
10/17/2018 22:00,74.7,
10/17/2018 23:00,76,
10/18/2018 0:00,74.8,
10/18/2018 1:00,73.6,
10/18/2018 2:00,73.2,
10/18/2018 3:00,71.4,
10/18/2018 4:00,69.8,
10/18/2018 5:00,69.8,
10/18/2018 6:00,68.1,
10/18/2018 7:00,68.8,
10/18/2018 8:00,73.4,
10/18/2018 9:00,74.3,
10/18/2018 10:00,75.3,
10/18/2018 11:00,75.3,
10/18/2018 12:00,75.3,
10/18/2018 13:00,75.3,
10/18/2018 14:00,77.3,
10/18/2018 15:00,71.2,
10/18/2018 16:00,76.3,
10/18/2018 17:00,74.8,
10/18/2018 18:00,74.6,
10/18/2018 19:00,75.6,
10/18/2018 20:00,73.6,
10/18/2018 21:00,74.8,
10/18/2018 22:00,74.9,
10/18/2018 23:00,74.9,
10/19/2018 0:00,75.4,
10/19/2018 1:00,75.2,
10/19/2018 2:00,76.4,
10/19/2018 3:00,75.2,
10/19/2018 4:00,72,
10/19/2018 5:00,69.8,
10/19/2018 6:00,68.4,
10/19/2018 7:00,70.3,
10/19/2018 8:00,68.2,
10/19/2018 9:00,71.8,
10/19/2018 10:00,76.5,
10/19/2018 11:00,74.7,
10/19/2018 12:00,76.4,
10/19/2018 13:00,75.2,
10/19/2018 14:00,74.9,
10/19/2018 15:00,77.1,
10/19/2018 16:00,72.6,
10/19/2018 17:00,72.8,
10/19/2018 18:00,73.4,
10/19/2018 19:00,75.8,
10/19/2018 20:00,75.8,
10/19/2018 21:00,74.8,
10/19/2018 22:00,73.5,
10/19/2018 23:00,73.9,
10/20/2018 0:00,77.3,
10/20/2018 1:00,75.1,
10/20/2018 2:00,72.6,
10/20/2018 3:00,72.5,
10/20/2018 4:00,71.4,
10/20/2018 5:00,68.3,
10/20/2018 6:00,66.2,
10/20/2018 7:00,68.4,
10/20/2018 8:00,71.6,
10/20/2018 9:00,73.2,
10/20/2018 10:00,76.9,
10/20/2018 11:00,77.6,
10/20/2018 12:00,75.5,
10/20/2018 13:00,76,
10/20/2018 14:00,75.9,
10/20/2018 15:00,77.7,
10/20/2018 16:00,74.8,
10/20/2018 17:00,75.6,
10/20/2018 18:00,74.8,
10/20/2018 19:00,74.9,
10/20/2018 20:00,76.5,
10/20/2018 21:00,74.8,
10/20/2018 22:00,75.2,
10/20/2018 23:00,77.3,
10/21/2018 0:00,73.2,
10/21/2018 1:00,75.2,
10/21/2018 2:00,72.8,
10/21/2018 3:00,71.6,
10/21/2018 4:00,70.1,
10/21/2018 5:00,70.1,
10/21/2018 6:00,72.9,
10/21/2018 7:00,68.3,
10/21/2018 8:00,71.6,
10/21/2018 9:00,74.4,
10/21/2018 10:00,75.6,
10/21/2018 11:00,76.1,
10/21/2018 12:00,77.4,
10/21/2018 13:00,75.2,
10/21/2018 14:00,78,
10/21/2018 15:00,78,
10/21/2018 16:00,77,
10/21/2018 17:00,75.7,
10/21/2018 18:00,72.6,
10/21/2018 19:00,75,
10/21/2018 20:00,74.4,
10/21/2018 21:00,74.4,
10/21/2018 22:00,75,
10/21/2018 23:00,74.1,
10/22/2018 0:00,75.7,
10/22/2018 1:00,75.7,
10/22/2018 2:00,73.2,
10/22/2018 3:00,72.5,
10/22/2018 4:00,70.6,
10/22/2018 5:00,68.5,
10/22/2018 6:00,71.5,
10/22/2018 7:00,70.7,
10/22/2018 8:00,71.7,
10/22/2018 9:00,72.2,
10/22/2018 10:00,74,
10/22/2018 11:00,74.1,
10/22/2018 12:00,72.9,
10/22/2018 13:00,74.1,
10/22/2018 14:00,72.3,
10/22/2018 15:00,72,
10/22/2018 16:00,73.6,
10/22/2018 17:00,74.2,
10/22/2018 18:00,73.1,
10/22/2018 19:00,74.9,
10/22/2018 20:00,74.7,
10/22/2018 21:00,75.3,
10/22/2018 22:00,74.8,
10/22/2018 23:00,76.2,
10/23/2018 0:00,76.2,
10/23/2018 1:00,73.2,
10/23/2018 2:00,72.5,
10/23/2018 3:00,72.7,
10/23/2018 4:00,68.8,
10/23/2018 5:00,72.6,
10/23/2018 6:00,68.2,
10/23/2018 7:00,70.2,
10/23/2018 8:00,77.2,
10/23/2018 9:00,75,
10/23/2018 10:00,76.6,
10/23/2018 11:00,76.6,
10/23/2018 12:00,76.6,
10/23/2018 13:00,74.6,
10/23/2018 14:00,76.5,
10/23/2018 15:00,74.5,
10/23/2018 16:00,74.4,
10/23/2018 17:00,74.8,
10/23/2018 18:00,73.6,
10/23/2018 19:00,74.8,
10/23/2018 20:00,74.5,
10/23/2018 21:00,74.4,
10/23/2018 22:00,74.6,
10/23/2018 23:00,75.2,
10/24/2018 0:00,74.4,
10/24/2018 1:00,73.1,
10/24/2018 2:00,71.9,
10/24/2018 3:00,71.1,
10/24/2018 4:00,67.2,
10/24/2018 5:00,70.5,
10/24/2018 6:00,70.5,
10/24/2018 7:00,74.1,
10/24/2018 8:00,75.7,
10/24/2018 9:00,76.7,
10/24/2018 10:00,79,
10/24/2018 11:00,75,
10/24/2018 12:00,76.5,
10/24/2018 13:00,76.9,
10/24/2018 14:00,73.8,
10/24/2018 15:00,75.4,
10/24/2018 16:00,75.4,
10/24/2018 17:00,73.4,
10/24/2018 18:00,73.6,
10/24/2018 19:00,76,
10/24/2018 20:00,76.5,
10/24/2018 21:00,76.3,
10/24/2018 22:00,75.7,
10/24/2018 23:00,73.9,
10/25/2018 0:00,72.9,
10/25/2018 1:00,72.3,
10/25/2018 2:00,73.9,
10/25/2018 3:00,72.9,
10/25/2018 4:00,69.9,
10/25/2018 5:00,69.6,
10/25/2018 6:00,68.1,
10/25/2018 7:00,68.1,
10/25/2018 8:00,71.5,
10/25/2018 9:00,73.9,
10/25/2018 10:00,76.7,
10/25/2018 11:00,75,
10/25/2018 12:00,76.5,
10/25/2018 13:00,76.3,
10/25/2018 14:00,77,
10/25/2018 15:00,74.2,
10/25/2018 16:00,76.5,
10/25/2018 17:00,74.6,
10/25/2018 18:00,75.4,
10/25/2018 19:00,76.2,
10/25/2018 20:00,78.6,
10/25/2018 21:00,75.1,
10/25/2018 22:00,73.4,
10/25/2018 23:00,74.9,
10/26/2018 0:00,74.8,
10/26/2018 1:00,72.4,
10/26/2018 2:00,72.2,
10/26/2018 3:00,73.5,
10/26/2018 4:00,69.2,
10/26/2018 5:00,69.6,
10/26/2018 6:00,70.7,
10/26/2018 7:00,69,
10/26/2018 8:00,72.2,
10/26/2018 9:00,73.5,
10/26/2018 10:00,74.3,
10/26/2018 11:00,74.5,
10/26/2018 12:00,73.9,
10/26/2018 13:00,74.2,
10/26/2018 14:00,76.1,
10/26/2018 15:00,73.8,
10/26/2018 16:00,73.7,
10/26/2018 17:00,74,
10/26/2018 18:00,74.3,
10/26/2018 19:00,74.2,
10/26/2018 20:00,75.9,
10/26/2018 21:00,74.4,
10/26/2018 22:00,74.9,
10/26/2018 23:00,75.9,
10/27/2018 0:00,76.3,
10/27/2018 1:00,75.1,
10/27/2018 2:00,72,
10/27/2018 3:00,71.4,
10/27/2018 4:00,68.9,
10/27/2018 5:00,69.2,
10/27/2018 6:00,70.7,
10/27/2018 7:00,68.8,
10/27/2018 8:00,70.8,
10/27/2018 9:00,76,
10/27/2018 10:00,73.1,
10/27/2018 11:00,75.4,
10/27/2018 12:00,74.5,
10/27/2018 13:00,73.5,
10/27/2018 14:00,76.1,
10/27/2018 15:00,73.9,
10/27/2018 16:00,75.2,
10/27/2018 17:00,74.1,
10/27/2018 18:00,74.1,
10/27/2018 19:00,71.5,
10/27/2018 20:00,75.1,
10/27/2018 21:00,74.9,
10/27/2018 22:00,74.9,
10/27/2018 23:00,74.9,
10/28/2018 0:00,73.3,
10/28/2018 1:00,79,
10/28/2018 2:00,73.1,
10/28/2018 3:00,71.9,
10/28/2018 4:00,70,
10/28/2018 5:00,67.2,
10/28/2018 6:00,67.1,
10/28/2018 7:00,67.2,
10/28/2018 8:00,68.6,
10/28/2018 9:00,68.6,
10/28/2018 10:00,75.2,
10/28/2018 11:00,73.3,
10/28/2018 12:00,74.7,
10/28/2018 13:00,72.5,
10/28/2018 14:00,75.2,
10/28/2018 15:00,74.1,
10/28/2018 16:00,72.2,
10/28/2018 17:00,75.6,
10/28/2018 18:00,76,
10/28/2018 19:00,71.7,
10/28/2018 20:00,74.6,
10/28/2018 21:00,72.7,
10/28/2018 22:00,73.9,
10/28/2018 23:00,74.7,
10/29/2018 0:00,74.3,
10/29/2018 1:00,74.5,
10/29/2018 2:00,73.5,
10/29/2018 3:00,71.8,
10/29/2018 4:00,71.8,
10/29/2018 5:00,70.3,
10/29/2018 6:00,69.5,
10/29/2018 7:00,69.7,
10/29/2018 8:00,69.5,
10/29/2018 9:00,72.9,
10/29/2018 10:00,73.6,
10/29/2018 11:00,76.8,
10/29/2018 12:00,74.3,
10/29/2018 13:00,75,
10/29/2018 14:00,74.2,
10/29/2018 15:00,74.6,
10/29/2018 16:00,76.7,
10/29/2018 17:00,74.7,
10/29/2018 18:00,74.4,
10/29/2018 19:00,71.8,
10/29/2018 20:00,73.1,
10/29/2018 21:00,73.1,
10/29/2018 22:00,75.2,
10/29/2018 23:00,74.5,
10/30/2018 0:00,74,
10/30/2018 1:00,74.6,
10/30/2018 2:00,74.1,
10/30/2018 3:00,75.6,
10/30/2018 4:00,70.3,
10/30/2018 5:00,70.4,
10/30/2018 6:00,70.3,
10/30/2018 7:00,69.7,
10/30/2018 8:00,68.9,
10/30/2018 9:00,70.8,
10/30/2018 10:00,73.3,
10/30/2018 11:00,74.7,
10/30/2018 12:00,72.6,
10/30/2018 13:00,73,
10/30/2018 14:00,74.2,
10/30/2018 15:00,76.3,
10/30/2018 16:00,72.7,
10/30/2018 17:00,74.5,
10/30/2018 18:00,73.4,
10/30/2018 19:00,71.8,
10/30/2018 20:00,73.2,
10/30/2018 21:00,73.8,
10/30/2018 22:00,74.4,
10/30/2018 23:00,74.3,
10/31/2018 0:00,73.7,
10/31/2018 1:00,74.1,
10/31/2018 2:00,73.1,
10/31/2018 3:00,71.6,
10/31/2018 4:00,71.6,
10/31/2018 5:00,69.5,
10/31/2018 6:00,68.7,
10/31/2018 7:00,69.1,
10/31/2018 8:00,69.8,
10/31/2018 9:00,72.6,
10/31/2018 10:00,76,
10/31/2018 11:00,77.5,
10/31/2018 12:00,75.1,
10/31/2018 13:00,75,
10/31/2018 14:00,75.3,
10/31/2018 15:00,75.4,
10/31/2018 16:00,74.4,
10/31/2018 17:00,72.8,
10/31/2018 18:00,72.3,
10/31/2018 19:00,78.9,
10/31/2018 20:00,73.5,
10/31/2018 21:00,72.8,
10/31/2018 22:00,76.9,
10/31/2018 23:00,73.3,
11/1/2018 0:00,74.7,
11/1/2018 1:00,73.6,
11/1/2018 2:00,73.5,
11/1/2018 3:00,72.3,
11/1/2018 4:00,71.7,
11/1/2018 5:00,71,
11/1/2018 6:00,69.1,
11/1/2018 7:00,69.5,
11/1/2018 8:00,71.7,
11/1/2018 9:00,70.3,
11/1/2018 10:00,76.5,
11/1/2018 11:00,73.2,
11/1/2018 12:00,75.5,
11/1/2018 13:00,74.7,
11/1/2018 14:00,74.7,
11/1/2018 15:00,76.8,
11/1/2018 16:00,73.9,
11/1/2018 17:00,76.6,
11/1/2018 18:00,75.4,
11/1/2018 19:00,74,
11/1/2018 20:00,74.9,
11/1/2018 21:00,73.5,
11/1/2018 22:00,72.9,
11/1/2018 23:00,72.9,
11/2/2018 0:00,73.9,
11/2/2018 1:00,73.8,
11/2/2018 2:00,75.2,
11/2/2018 3:00,72.8,
11/2/2018 4:00,70.8,
11/2/2018 5:00,70.4,
11/2/2018 6:00,67.5,
11/2/2018 7:00,69.9,
11/2/2018 8:00,71.2,
11/2/2018 9:00,71.9,
11/2/2018 10:00,72,
11/2/2018 11:00,75.4,
11/2/2018 12:00,76.6,
11/2/2018 13:00,74.8,
11/2/2018 14:00,79.1,
11/2/2018 15:00,74.1,
11/2/2018 16:00,74.2,
11/2/2018 17:00,76.3,
11/2/2018 18:00,76.7,
11/2/2018 19:00,76.7,
11/2/2018 20:00,75.8,
11/2/2018 21:00,75.9,
11/2/2018 22:00,75.5,
11/2/2018 23:00,75.9,
11/3/2018 0:00,74.9,
11/3/2018 1:00,73.4,
11/3/2018 2:00,74.6,
11/3/2018 3:00,73.8,
11/3/2018 4:00,73.1,
11/3/2018 5:00,72.4,
11/3/2018 6:00,68.9,
11/3/2018 7:00,69.6,
11/3/2018 8:00,71.1,
11/3/2018 9:00,72.5,
11/3/2018 10:00,76.7,
11/3/2018 11:00,76,
11/3/2018 12:00,75.6,
11/3/2018 13:00,75.6,
11/3/2018 14:00,76.1,
11/3/2018 15:00,78,
11/3/2018 16:00,73.6,
11/3/2018 17:00,73.6,
11/3/2018 18:00,73.4,
11/3/2018 19:00,73.4,
11/3/2018 20:00,73.6,
11/3/2018 21:00,75.7,
11/3/2018 22:00,73.9,
11/3/2018 23:00,76.6,
11/4/2018 0:00,74.5,
11/4/2018 1:00,74.4,
11/4/2018 2:00,72.8,
11/4/2018 3:00,75.9,
11/4/2018 4:00,74.2,
11/4/2018 5:00,73.5,
11/4/2018 6:00,73.5,
11/4/2018 7:00,72.2,
11/4/2018 8:00,75,
11/4/2018 9:00,71.6,
11/4/2018 10:00,74.1,
11/4/2018 11:00,77.7,
11/4/2018 12:00,76.3,
11/4/2018 13:00,78.2,
11/4/2018 14:00,75.2,
11/4/2018 15:00,76.9,
11/4/2018 16:00,74.4,
11/4/2018 17:00,73.3,
11/4/2018 18:00,73.4,
11/4/2018 19:00,74.1,
11/4/2018 20:00,73.3,
11/4/2018 21:00,74,
11/4/2018 22:00,73.2,
11/4/2018 23:00,72.9,
11/5/2018 0:00,78.3,
11/5/2018 1:00,71.9,
11/5/2018 2:00,73.3,
11/5/2018 3:00,72.9,
11/5/2018 4:00,71.4,
11/5/2018 5:00,72.7,
11/5/2018 6:00,70.5,
11/5/2018 7:00,72.8,
11/5/2018 8:00,72.7,
11/5/2018 9:00,72.2,
11/5/2018 10:00,77.4,
11/5/2018 11:00,77.5,
11/5/2018 12:00,78.1,
11/5/2018 13:00,78.8,
11/5/2018 14:00,73.1,
11/5/2018 15:00,75.1,
11/5/2018 16:00,75,
11/5/2018 17:00,73.7,
11/5/2018 18:00,73.4,
11/5/2018 19:00,75.1,
11/5/2018 20:00,74.3,
11/5/2018 21:00,72.9,
11/5/2018 22:00,75.3,
11/5/2018 23:00,75.3,
11/6/2018 0:00,72.9,
11/6/2018 1:00,80.5,
11/6/2018 2:00,75.1,
11/6/2018 3:00,72.5,
11/6/2018 4:00,73,
11/6/2018 5:00,74.1,
11/6/2018 6:00,71.7,
11/6/2018 7:00,69.4,
11/6/2018 8:00,74.4,
11/6/2018 9:00,75.4,
11/6/2018 10:00,76,
11/6/2018 11:00,76.2,
11/6/2018 12:00,77,
11/6/2018 13:00,75.2,
11/6/2018 14:00,75.3,
11/6/2018 15:00,77,
11/6/2018 16:00,74.3,
11/6/2018 17:00,74.8,
11/6/2018 18:00,76.4,
11/6/2018 19:00,75.3,
11/6/2018 20:00,74.5,
11/6/2018 21:00,76.5,
11/6/2018 22:00,75.4,
11/6/2018 23:00,76.2,
11/7/2018 0:00,74.2,
11/7/2018 1:00,76.8,
11/7/2018 2:00,73.2,
11/7/2018 3:00,73.2,
11/7/2018 4:00,74.6,
11/7/2018 5:00,74.5,
11/7/2018 6:00,71.7,
11/7/2018 7:00,72.6,
11/7/2018 8:00,76.8,
11/7/2018 9:00,71.7,
11/7/2018 10:00,74.3,
11/7/2018 11:00,75.2,
11/7/2018 12:00,74.5,
11/7/2018 13:00,74.7,
11/7/2018 14:00,73.1,
11/7/2018 15:00,74.1,
11/7/2018 16:00,73.3,
11/7/2018 17:00,74.1,
11/7/2018 18:00,70.9,
11/7/2018 19:00,77.5,
11/7/2018 20:00,75.1,
11/7/2018 21:00,72.1,
11/7/2018 22:00,72.8,
11/7/2018 23:00,75.4,
11/8/2018 0:00,73.1,
11/8/2018 1:00,73.5,
11/8/2018 2:00,74.4,
11/8/2018 3:00,75.1,
11/8/2018 4:00,69.8,
11/8/2018 5:00,66.5,
11/8/2018 6:00,67.3,
11/8/2018 7:00,65.7,
11/8/2018 8:00,64.9,
11/8/2018 9:00,71.5,
11/8/2018 10:00,74.7,
11/8/2018 11:00,76.5,
11/8/2018 12:00,75.8,
11/8/2018 13:00,74.7,
11/8/2018 14:00,75.5,
11/8/2018 15:00,79.7,
11/8/2018 16:00,77.3,
11/8/2018 17:00,77.6,
11/8/2018 18:00,77,
11/8/2018 19:00,77.3,
11/8/2018 20:00,75.2,
11/8/2018 21:00,79.9,
11/8/2018 22:00,74.6,
11/8/2018 23:00,79,
