Sampling_Date,pH,Conductivity,BOD,NitrateN,Fecal.Coliform.,Total.Coliform.
3/1/2014,8.08,143,0.1,0.121,11,46
3/1/2014,8.18,137,0.5,0.172,22,130
3/1/2014,7.7,152,0.1,0.436,17,79
3/1/2014,7.91,141,0.2,0.974,33,130
3/1/2014,8.05,172,0.3,0.482,180,1600
3/1/2014,7.87,286,2,1.02,NaN,NaN
3/1/2014,7.74,296,1.8,0.84,NaN,NaN
3/1/2014,7.52,226,0.3,0.5,NaN,NaN
3/1/2014,8.56,502,0.3,0.245,34,220
3/1/2014,8.36,337,0.4,0.323,79,350
3/1/2014,8.28,109,0.6,0.565,94,350
3/1/2014,7.35,223,0.5,0.71,NaN,NaN
3/1/2014,8.19,358,3.3,NaN,2300,3100
3/1/2014,8.58,418,5,NaN,22000,34000
3/1/2014,8.53,434,0.1,0.307,33,180
3/1/2014,8.56,392,0.4,0.352,49,240
3/1/2014,7.98,212,0.4,0.61,NaN,NaN
3/1/2014,7.26,74.8,18,1.11,NaN,NaN
3/1/2014,7.8,134,0.6,0.325,21,63
3/1/2014,8.5,409,4,NaN,NaN,NaN
3/1/2014,7.69,145,0.4,0.269,21,180
3/1/2014,8,243,2,NaN,NaN,NaN
3/1/2014,7.5,180,2.3,0.93,NaN,NaN
3/1/2014,7.58,200,4,1.13,NaN,NaN
3/1/2014,8.67,465,0.3,0.261,13,79
3/1/2014,7.5,185,1.5,NaN,NaN,NaN
3/1/2014,7.8,180,2.1,0.9,NaN,NaN
3/1/2014,7,56,0.5,0.01,330,1600
3/1/2014,6.82,62,0.3,0.58,NaN,4
3/1/2014,7.91,134,0.1,0.707,49,350
3/1/2014,8.24,196,1.2,0.14,10,21
3/1/2014,8.72,112,1.2,0.15,14,24
3/1/2014,8,850,2.6,4.1,30,850
3/1/2014,8.08,723,1.1,0.68,NaN,2100
3/1/2014,8.67,475,0.4,0.024,14,79
3/1/2014,7.82,546,2,1.15,NaN,NaN
3/1/2014,6.55,644,41,0.412,44,110
3/1/2014,7.93,115,1.2,0.34,10,23
3/1/2014,7.25,168,NaN,NaN,NaN,210
3/1/2014,7.6,173,NaN,NaN,NaN,120
3/1/2014,8.01,198,1.9,NaN,NaN,43
3/1/2014,8.34,207,2.1,NaN,NaN,150
3/1/2014,6.8,52,0.4,0.01,280,920
3/1/2014,6.6,50,0.2,0.01,700,2400
3/1/2014,7.7,52160,1.5,0.03,46,460
3/1/2014,7.8,53010,0.1,0.12,79,430
3/1/2014,7.1,132,1,0.09,49,630
3/1/2014,7.6,182,0.8,0.01,140,170
3/1/2014,7.9,202,1.5,0.01,310,490
3/1/2014,8.2,440,1,1,12,68
3/1/2014,8.02,387,0.6,0.42,NaN,1100
3/1/2014,8.29,386,1.4,0.48,NaN,2100
3/1/2014,7.38,697,1.4,1,NaN,2100
3/1/2014,7.58,466,1,0.68,NaN,1100
3/1/2014,7.86,108,NaN,NaN,NaN,400
3/1/2014,8.36,276,3.2,NaN,4600,6300
3/1/2014,7.94,102,0.6,0.147,14,70
3/1/2014,7.9,122,1,0.508,17,94
3/1/2014,7.86,137,0.3,0.863,23,240
3/1/2014,8.18,279,0.7,1.01,NaN,NaN
3/1/2014,8.09,125,0.2,0.258,14,34
3/1/2014,8.02,122,0.8,0.167,13,43
3/1/2014,8.25,254,0.4,0.422,94,540
3/1/2014,7.19,93,0.7,1.12,NaN,NaN
3/1/2014,7.08,96,0.8,1.08,NaN,NaN
3/1/2014,8.63,471,0.6,0.027,13,27
3/1/2014,8.61,446,0.1,0.043,17,70
3/1/2014,8.66,466,1.2,0.207,26,63
3/1/2014,7.61,202,0.3,1,NaN,NaN
3/1/2014,7.63,291,0.3,0.91,NaN,NaN
3/1/2014,7.68,155,0.5,1.13,NaN,NaN
3/1/2014,7.86,145,0.8,1.26,NaN,NaN
3/1/2014,6.23,33,0.2,0.59,NaN,3
3/1/2014,7.19,89,0.1,0.79,NaN,4
3/1/2014,7.01,60,0.1,0.913,NaN,4
3/1/2014,6.87,619,2,10.4,4,16
3/1/2014,6.32,517,1.2,10.29,4,18
3/1/2014,8.32,238,1,0.18,7,18
3/1/2014,7.19,247,1.4,0.17,8,16
3/1/2014,7.21,140,1.4,0.31,13,21
3/1/2014,8.02,130,1.4,0.28,14,23
3/1/2014,8.24,56,1.2,0.02,17,23
3/1/2014,8.21,110,1.4,0.04,11,24
3/1/2014,8.01,486,1,0.58,NaN,900
3/1/2014,8.52,568,1.2,0.72,NaN,1400
3/1/2014,7.6,175,2,NaN,NaN,NaN
3/1/2014,7.8,160,2,NaN,NaN,NaN
3/1/2014,7.7,178,1.3,NaN,NaN,NaN
3/1/2014,7.8,381,1,0.76,NaN,NaN
3/1/2014,7.6,287,3,1.23,NaN,NaN
3/1/2014,7.45,85,1,0.78,NaN,NaN
3/1/2014,7.8,94,NaN,0.78,NaN,NaN
3/1/2014,8.1,110,1.5,0.63,NaN,NaN
3/1/2014,8.2,98,1,0.64,NaN,NaN
3/1/2014,7.8,98,1,0.56,NaN,NaN
3/1/2014,7.2,140,NaN,0.45,NaN,NaN
3/1/2014,7.65,150,NaN,0.45,NaN,NaN
3/1/2014,7.45,140,1,0.341,NaN,NaN
3/1/2014,7.9,412,NaN,1.2,900,1400
3/1/2014,7.9,290,1,1.2,110,280
3/1/2014,7.7,342,1,2.6,200,500
3/1/2014,7.5,594,6,3.4,2100,4300
3/1/2014,7.7,,28,NaN,NaN,NaN
3/2/2014,8,876,2.4,1.3,20,700
3/2/2014,6.95,175,1.6,0.44,NaN,NaN
3/2/2014,6.69,162,1.8,0.4,NaN,NaN
3/2/2014,7.09,324,2.6,0.66,NaN,NaN
3/2/2014,7.9,741,1.8,0.49,170,220
3/2/2014,8.2,951,2.7,1.3,20,800
3/2/2014,7.8,178,1,0.05,430,920
3/3/2014,8.4,436,5,0.5,940,4300
3/3/2014,6.9,80,2.2,0.07,630,790
3/3/2014,7.1,87,3.8,0.04,790,1400
3/3/2014,7.34,64.9,1.1,0.06,1300,2300
3/3/2014,6.4,48,0.3,0.01,220,630
3/3/2014,7.7,60,0.6,0.01,180,850
3/3/2014,7.65,677,9.24,0.87,220000,500000
3/3/2014,7.74,651,0.7,0.28,NaN,2100
3/3/2014,7,12.71,2.1,0.07,3300,7000
3/3/2014,7.06,12.15,1.8,0.07,3300,7900
3/3/2014,6.5,42,0.4,0.01,220,540
3/3/2014,6.7,147,0.8,1.7,220,430
3/3/2014,7.9,58120,2,1.4,3100,5400
3/3/2014,6.5,60,1.1,0.05,220,700
3/3/2014,6.7,66,2.6,0,110,340
3/3/2014,7.9,655,3,0.71,840,2800
3/3/2014,8.7,653,2,0.61,580,2100
3/4/2014,7.5,243,3.4,5.4,0,360
3/4/2014,8.08,296,3.3,NaN,5000,8000
3/4/2014,8.17,671,0.6,0.58,NaN,1100
3/4/2014,7.6,313,2.2,6.76,NaN,NaN
3/4/2014,8.32,330,0.5,0.48,4,9
3/4/2014,8.71,720,0.9,0.54,21,1100
3/4/2014,7.27,11240,3,0.65,65000,135000
3/4/2014,7.46,3440,1.1,0.75,22000,50000
3/4/2014,7.98,589,10,4.9,110000,140000
3/4/2014,7.8,48.5,1.7,0.04,2300,4600
3/4/2014,6.9,10800,2.5,1.6,540,920
3/4/2014,7.1,72,0.4,0.23,170,240
3/4/2014,6.9,63,1.2,0.19,11,21
3/4/2014,8,707,3.8,4.2,40,900
3/4/2014,7.86,412,0.5,0.32,NaN,1400
3/4/2014,8,424,1.3,0.48,4,2200
3/4/2014,7.92,446,1.4,0.62,2,2100
3/4/2014,7.69,467,0.9,0.44,NaN,1400
3/4/2014,7.78,963,NaN,NaN,NaN,400
3/4/2014,7.44,503,6.8,0.22,30000,50000
3/4/2014,7.43,591,0.7,0.47,NaN,1100
3/4/2014,7.4,498,0.8,0.72,NaN,1400
3/4/2014,7.79,48.7,1.1,0.04,450,780
3/4/2014,7.99,49.3,2.2,0.33,450,680
3/4/2014,6.5,20,0.1,0.01,110,350
3/4/2014,8.54,710,0.7,0.38,21,1100
3/4/2014,8.79,850,1,0.48,21,1100
3/4/2014,6.75,,42.4,NaN,NaN,NaN
3/5/2014,8.3,532,4,NaN,NaN,NaN
3/5/2014,7.8,912,8,NaN,NaN,NaN
3/5/2014,7.5,75,1.6,1.5,220,350
3/5/2014,8.65,410,1.8,0.05,2800,3500
3/5/2014,8.1,588,3,0.11,2800,3500
3/5/2014,7.4,243,1.7,5.5,360,9300
3/5/2014,8.32,384,3.6,1.86,17000,22000
3/5/2014,8.3,386,3.2,2.16,13000,26000
3/5/2014,8.36,548,2.4,1.72,1400,2700
3/5/2014,7.9,378,6,NaN,NaN,NaN
3/5/2014,7.6,280,6,NaN,900,1600
3/5/2014,7.8,138,1,0.17,170,700
3/5/2014,7.8,69,1,0.05,92,380
3/5/2014,8.4,799,0.4,0.05,2600,3200
3/5/2014,7.9,1378,57,0.1,3300,4700
3/5/2014,8.06,495,2.5,0.16,390,2200
3/5/2014,8.36,604,5.6,0.18,330,2800
3/5/2014,8.39,594,5.7,0.12,200,390
3/5/2014,7.5,488,25,NaN,4300,6300
3/5/2014,8.14,430,2.5,0.13,350,790
3/5/2014,7.5,44150,0.06,1,3100,4300
3/5/2014,7.7,35,0.8,0.18,94,700
3/5/2014,7,7058,2.4,0.18,21,63
3/5/2014,7.5,42,1.6,0.3,70,630
3/5/2014,8,624,10,NaN,NaN,NaN
3/5/2014,8.4,519,12,NaN,NaN,NaN
3/5/2014,8,700,6,NaN,NaN,NaN
3/5/2014,8.5,670,6,NaN,NaN,NaN
3/5/2014,8.4,530,8,NaN,NaN,NaN
3/5/2014,7.83,530,0.7,0.58,4,9
3/5/2014,8.42,500,0.6,0.48,NaN,4
3/5/2014,8.44,570,0.6,0.58,NaN,4
3/5/2014,7.86,451,4.2,0.11,2800,3500
3/5/2014,8.15,578,3.2,0.07,2800,16000
3/5/2014,8.27,536,1.7,0.08,14000,22000
3/5/2014,8.56,2980,89,0.23,260000,390000
3/6/2014,7.85,391,8.5,0.57,170000,300000
3/6/2014,8.2,220,1.8,0.463,13000,24000
3/6/2014,8,450,4,NaN,NaN,NaN
3/6/2014,8.25,563,1.3,1.16,28000,160000
3/6/2014,7.86,191,0.7,0.39,22000,28000
3/6/2014,8.3,366,3.2,2.96,2200,2600
3/6/2014,8.14,298,2.5,0.72,1300,2200
3/6/2014,8.16,290,2.3,0.7,1300,2400
3/6/2014,8.29,593,1.5,0.36,14000,17000
3/6/2014,8.59,383,1,0.3,12,138
3/6/2014,7.98,393,3.45,0.96,400000,1200000
3/6/2014,7,31400,0.2,0.2,43,220
3/6/2014,8.32,408,1,0.5,10,92
3/6/2014,7,1570,2.9,0.6,110,220
3/6/2014,7.3,72,0.3,0.1,79,140
3/6/2014,7.44,1619,8,14,14,194
3/6/2014,8.38,388,3.4,1.98,17000,24000
3/6/2014,7.61,754,7.4,NaN,22000,43000
3/6/2014,7.86,638,9.2,NaN,43000,70000
3/6/2014,7.76,648,8.6,NaN,33000,68000
3/6/2014,7.72,400,0.4,0.48,NaN,4
3/6/2014,8.14,310,0.4,0.54,NaN,4
3/6/2014,8.4,437,1.5,0.24,14000,35000
3/6/2014,8.4,648,2,0.33,3300,4000
3/6/2014,7.71,252,1.6,0.12,28000,35000
3/6/2014,8.03,1374,2.8,3,36,86
3/6/2014,7.62,398,2.6,NaN,NaN,150
3/6/2014,8.3,190,1.6,2.057,1300,3300
3/7/2014,8.41,755,1,0.22,14000,17000
3/7/2014,7.7,5856,0.9,0.572,2200,22000
3/7/2014,7.79,180,3.4,0.82,4700,8000
3/7/2014,7.61,301,2.2,0.162,4,14
3/7/2014,7.5,1427,62,NaN,NaN,NaN
3/7/2014,7.8,1013,3,1.8,10,530
3/7/2014,8.54,569,0.6,0.34,14000,28000
3/7/2014,8.15,894,12,0.29,28000,35000
3/7/2014,7.7,107,0.3,0.4,49,79
3/7/2014,7.9,209,0.8,0.29,140,220
3/7/2014,7.92,1222,1.6,0.19,17000,35000
3/7/2014,7.93,394,2.4,0.176,7,17
3/7/2014,8.37,469,3.4,1.5,2600,4700
3/7/2014,7.68,168,2.5,0.72,4100,6800
3/7/2014,7.9,367,5.7,1.02,150000,250000
3/7/2014,7.7,48350,1.2,0.04,27,94
3/7/2014,7.2,62,1.4,0.1,180,350
3/7/2014,7.8,959,8,NaN,NaN,NaN
3/7/2014,7.62,583,4.3,1.92,NaN,350
3/7/2014,7.73,616,6.7,1.8,33,500
3/7/2014,6.3,74,1,0.8,21,94
3/7/2014,7.3,83,2,0.2,21,94
3/7/2014,7.5,48600,3.5,0,34,220
3/7/2014,6.9,525,2.6,0.1,34,94
3/7/2014,7.1,1166,132,NaN,NaN,NaN
3/7/2014,7.9,298,0.2,0.14,6,6
3/7/2014,8.3,352,4,NaN,NaN,NaN
3/7/2014,8.3,357,3,NaN,NaN,NaN
3/7/2014,8.34,422,1.2,1,14,106
3/7/2014,8.68,480,2.1,2,28,170
3/7/2014,7.77,178,3.2,0.78,4300,7700
3/7/2014,8.4,711,0.7,0.16,17000,28000
3/7/2014,7.56,279,2.8,0.139,9,21
3/7/2014,7.66,306,3.2,0.13,4,12
3/7/2014,8.01,53.2,1.3,0.01,450,450
3/7/2014,7.85,44.7,1.2,0.01,780,1100
3/7/2014,7.6,52.9,1.4,NaN,780,780
3/7/2014,7.39,52.6,2.3,NaN,780,1100
3/7/2014,7.9,8202,0.9,0.615,2300,28000
3/8/2014,8.02,278,0.8,0.862,NaN,84
3/8/2014,7.86,410,1,0.5,10,86
3/8/2014,7.6,890,2.8,1.9,30,600
3/8/2014,8.39,455,2.6,1.2,1200,2600
3/8/2014,7.3,1630,180,0.65,180000,260000
3/8/2014,8.1,280,1,0.892,NaN,94
3/8/2014,8.13,487,2.6,3.64,NaN,230
3/9/2014,7.5,298,14,0.475,4,14
3/9/2014,7.5,360,1.9,NaN,NaN,17
3/9/2014,7.7,318,1,0.23,4,7
3/9/2014,7.4,290,1.9,0.23,NaN,17
3/10/2014,8.4,560,6,NaN,NaN,NaN
3/10/2014,8.1,890,2.2,1.8,20,600
3/10/2014,8.28,384,5.55,0.83,130000,350000
3/10/2014,8.28,402,2.5,NaN,1100,2200
3/10/2014,8.22,412,2.7,NaN,1400,5000
3/10/2014,7.5,,1.4,0.25,NaN,150
3/10/2014,8.3,200,4,0.3,280,900
3/10/2014,8.1,146,3,0.2,170,220
3/10/2014,7.42,64,0.3,0.44,2800,3500
3/10/2014,7.7,163,0.4,0.48,270,330
3/10/2014,8,298,4,NaN,NaN,NaN
3/10/2014,7.9,249,1,0.055,7,24
3/10/2014,7.8,1016,2.3,2.4,30,500
3/10/2014,7.6,102,1.2,1.1,220,430
3/10/2014,8,168,3,0.17,900,1600
3/10/2014,7,86,1.6,1.5,330,630
3/10/2014,8,367,1,2.456,7,15
3/10/2014,8.18,385,1.7,0.59,50000,80000
3/10/2014,7.5,44,0.8,0.27,220,280
3/10/2014,7.5,90,0.7,0.6,790,2400
3/10/2014,7.73,1910,0.7,0.72,NaN,1400
3/10/2014,7.5,,1.6,0.25,NaN,150
3/10/2014,6.5,60,1,NaN,47,280
3/10/2014,8.1,150,3,0.2,170,280
3/10/2014,8,160,5.4,0.4,16,110
3/10/2014,7.25,221,2,0.35,NaN,240
3/10/2014,7.3,427,1.3,0.505,460,1100
3/10/2014,7.8,420,1.2,0.05,23,2400
3/10/2014,8.36,381,1.5,0.37,2700,3400
3/10/2014,7.72,630,10.3,0.27,9000000,1600000
3/10/2014,7.67,632,6,0.21,5000000,9000000
3/10/2014,8.18,424,2.8,NaN,3000,9000
3/10/2014,8.32,392,2.5,NaN,900,2800
3/10/2014,7.64,412,2.6,NaN,1100,2800
3/10/2014,8.3,140,2,0.13,50,110
3/10/2014,8.11,3430,10,0.27,35000,160000
3/10/2014,8.4,3000,33,0.32,26000,33000
3/10/2014,8.26,405,2.6,NaN,1100,3000
3/10/2014,8.34,382,2.4,NaN,1300,2400
3/10/2014,7.4,,1.6,0.3,NaN,210
3/10/2014,9,184,5.5,0.8,NaN,75
3/10/2014,8,210,4.4,0.12,4,210
3/10/2014,7.28,402,2.6,1.34,NaN,210
3/10/2014,7.8,116,0.6,0.08,43,63
3/10/2014,7.6,146,0.8,1.32,63,110
3/10/2014,7.2,96,0.8,0.9,79,180
3/10/2014,7.9,115,1.2,0.91,63,240
3/10/2014,7.3,26000,0.4,0.06,21,70
3/10/2014,7.84,43.2,3.7,0.03,780,1300
3/10/2014,8.1,,6,NaN,NaN,NaN
3/10/2014,7.6,,22,NaN,NaN,NaN
3/11/2014,8.4,464,3,0.44,700,2800
3/11/2014,8.3,340,2,0.1,140,220
3/11/2014,8.4,370,3,0.2,60,170
3/11/2014,7.98,361,5.79,1,8000,21000
3/11/2014,7.38,175,1.7,0.64,NaN,NaN
3/11/2014,8.1,520,0.3,0.62,NaN,4
3/11/2014,8.39,633,2.3,0.22,2200,2600
3/11/2014,8.44,538,1.6,0.16,1400,1700
3/11/2014,7.32,154,2,0.68,NaN,NaN
3/11/2014,6.7,69,1,NaN,38,170
3/11/2014,7.3,154.2,1.5,0.14,780,1100
3/11/2014,6.9,42,0.5,0.15,31,540
3/11/2014,7.3,152,0.2,0.3,220,790
3/11/2014,7.2,121,2.4,0.28,310,920
3/11/2014,7.3,51000,4,1.6,21,79
3/11/2014,7.1,63,0.3,0.1,21,79
3/11/2014,8.14,518,3,0.24,480,920
3/11/2014,7.55,219,2.2,0.16,50000,140000
3/11/2014,7.3,210,3.6,0.11,50000,130000
3/11/2014,6.94,430,8.2,0.16,110000,280000
3/11/2014,7.86,385,4.3,1.16,3300,17000
3/11/2014,8.5,396,2,0.1,50,110
3/11/2014,8,330,3,0.15,50,140
3/11/2014,8.2,530,6,0.4,220,350
3/11/2014,8.3,370,4,0.18,220,300
3/11/2014,8.4,410,3.4,0.15,130,280
3/11/2014,7.64,413,4.8,0.88,NaN,NaN
3/11/2014,7.6,107,0.7,0.4,46,70
3/12/2014,7.84,367,8.65,1.18,300000,500000
3/12/2014,7.8,266,1.4,5.8,360,2100
3/12/2014,7.5,33,2,0.16,240,790
3/12/2014,7.35,1449,44,12.6,39,1600
3/12/2014,7.86,1984,3.65,0.88,4000,50000
3/12/2014,7.26,1330,32,18.02,25,1600
3/12/2014,7.4,251,1.6,0.08,14,21
3/12/2014,8.43,271,1.6,0.216,2600,3400
3/12/2014,6.8,458,12,NaN,5000,24000
3/12/2014,7.09,217,3.7,NaN,500,1100
3/12/2014,6.63,470,61,NaN,3000,16000
3/12/2014,7,75,2,1.14,26,58
3/12/2014,7,78,1.8,2.9,31,58
3/12/2014,7.5,80,2,3.7,31,63
3/12/2014,7,82,1.8,4.2,31,63
3/12/2014,7.2,77,1.5,2.7,36,75
3/12/2014,7.2,640,78,22.4,79000,120000
3/12/2014,7.07,68,2.1,2.5,26,58
3/12/2014,6.9,441,50,15.5,63000,110000
3/12/2014,7.2,305,35,10.5,41000,79000
3/12/2014,7.3,32,1.5,0.13,63,110
3/13/2014,7.5,2594,4,0.19,9,110
3/13/2014,7.26,900,1.9,1,NaN,NaN
3/13/2014,8.19,525,3.5,10,NaN,NaN
3/13/2014,6.9,157,2.6,0.48,2600,6000
3/13/2014,7.71,2740,18.5,2.19,500000,900000
3/13/2014,7.98,330,0.3,0.58,NaN,4
3/13/2014,7.4,,1.8,0.4,NaN,240
3/13/2014,8.29,167,1,0.52,NaN,63
3/13/2014,7.2,105,2.9,4.9,43,94
3/13/2014,7.6,195,1.8,5.5,38,84
3/14/2014,7.5,30,1.3,0.13,79,220
3/14/2014,7.8,114,0.6,0.4,2300,5400
3/14/2014,7.6,32600,0.9,0.8,700,1600
3/14/2014,7.5,200,2.2,0.25,43,49
3/14/2014,8.5,6600,34,2.5,14000,49000
3/14/2014,6.9,77,0.2,0.42,220,350
3/14/2014,8.57,231,2.35,0.284,2200,2600
3/14/2014,6.7,223,0.2,1.68,280,350
3/14/2014,6.72,20.32,1.8,0.04,450,780
3/14/2014,7.08,90.8,1.2,NaN,200,400
3/14/2014,7.2,95,2,1.2,180,430
3/14/2014,7,73,0.6,0.94,180,310
3/14/2014,7.4,93,2.4,0,280,430
3/14/2014,7.3,2347,0.8,1.92,11,57
3/14/2014,7.25,78.6,1.7,0.13,200,450
3/14/2014,6.9,10800,2.5,1.6,540,920
3/14/2014,7.4,104,2.4,0,140,350
3/14/2014,6.7,103,2.6,0.3,34,140
3/14/2014,7.6,14350,1.5,2.93,14000,22000
3/14/2014,7.5,230,1.4,NaN,NaN,NaN
3/14/2014,7.25,,26,4.5,780,780
3/14/2014,7.79,50.2,1.7,0.002,200,450
3/14/2014,73,,1.49,NaN,360,NaN
3/14/2014,73,,1.49,NaN,360,NaN
3/14/2014,122,,2.9,NaN,430,NaN
3/14/2014,114,,3.04,NaN,640,NaN
3/14/2014,114,,3.04,NaN,640,NaN
3/14/2014,141,,3.1,NaN,630,NaN
3/15/2014,7.5,210,2.9,NaN,700,1500
3/15/2014,7.62,740,1.2,4.2,500,900
3/17/2014,6.8,78,0.7,0.48,1100,2200
3/17/2014,7,90,2.4,5.2,31,63
3/17/2014,7.2,60,1.7,2.4,21,43
3/17/2014,7.5,72,1.8,2.4,26,48
3/17/2014,7.2,75,2.1,3.5,27,50
3/17/2014,2.4,1565,4,0.24,11,20
3/17/2014,6.7,390,2.7,0.77,290,550
3/18/2014,8.1,35200,0.7,1.001,45,45
3/18/2014,7.67,700,1.9,0.434,900,1600
3/18/2014,7.1,247,1.3,5.2,360,910
3/18/2014,7.2,73,3.9,0.28,33,141
3/18/2014,7,279,2.7,5.1,1500,110000
3/18/2014,6.5,74.2,1.4,0.02,1700,2100
3/18/2014,7.9,598,NaN,0.101,900,1600
3/18/2014,8.02,313,2.1,0.316,900,1400
3/18/2014,7.6,61,3.9,0.25,17,70
3/18/2014,8.04,680,1.8,0.68,900,1600
3/18/2014,7,133,4.4,6.4,630,1400
3/18/2014,7,58,1.6,2.4,26,50
3/18/2014,7.2,67,1.6,2.4,29,55
3/18/2014,7.3,78,1.8,2,22,49
3/19/2014,8.16,596,0.6,0.68,NaN,2100
3/19/2014,8.5,272,2,0.27,380,1500
3/19/2014,6.9,81,0.7,0.79,1100,2400
3/19/2014,7.36,410,1.4,0.79,900,1600
3/19/2014,8.3,733,3,0.71,700,2800
3/19/2014,8.5,315,3,0.31,1400,4800
3/19/2014,8.11,798,1.2,0.61,NaN,1400
3/19/2014,8.24,476,2.7,0.18,210,430
3/19/2014,8.4,282,1,0.29,270,1100
3/19/2014,8.2,318,1.7,0.141,45,170
3/19/2014,7.9,35320,2.2,1.221,20,78
3/19/2014,7.32,158,2,0.68,NaN,NaN
3/19/2014,7.5,144,2.7,2.6,390,700
3/19/2014,7.4,145,2.2,4,380,700
3/19/2014,7.98,744,1.1,0.82,2,2200
3/19/2014,7.7,224,2.2,0.372,220,790
3/19/2014,8.2,171,0.6,0.292,170,3300
3/19/2014,8.1,290,2,0.29,390,1700
3/19/2014,8.18,1600,6.7,0.74,21,1100
3/19/2014,7.4,92,1.8,3.1,36,94
3/19/2014,7.2,78,2,2.7,31,70
3/19/2014,7.5,91,2.2,2.9,33,84
3/19/2014,7.6,140,2.5,4.1,38,94
3/19/2014,7.6,148,2.5,3.7,40,93
3/20/2014,8.3,994,NaN,0.1,900,1600
3/20/2014,8.4,738,NaN,0.1,900,1600
3/20/2014,8.3,806,NaN,0.219,1600,1600
3/20/2014,7.51,1250,4.4,2.2,NaN,NaN
3/20/2014,7.52,198,2.1,0.82,NaN,NaN
3/20/2014,7.5,,1.6,0.35,NaN,210
3/20/2014,7.4,,1.6,0.3,NaN,150
3/20/2014,7.17,583,2.6,4.05,NaN,NaN
3/20/2014,7.73,516,3.4,3.05,NaN,NaN
3/20/2014,7.68,524,4.4,2.95,NaN,NaN
3/20/2014,7,113,0.8,8.448,2300,13000
3/20/2014,7.4,783,9.6,NaN,NaN,NaN
3/20/2014,6.9,518,10,NaN,NaN,NaN
3/20/2014,7.2,962,64,NaN,NaN,NaN
3/20/2014,7.4,676,42,NaN,NaN,NaN
3/20/2014,7,487,32,NaN,NaN,NaN
3/20/2014,6.5,681,68,NaN,NaN,NaN
3/20/2014,8.5,986,NaN,0.1,300,900
3/20/2014,7.21,162,1.3,0.64,NaN,NaN
3/20/2014,8.2,411,4.3,0.22,NaN,250
3/20/2014,8.35,253,2.3,0.324,900,2200
3/20/2014,7.97,204,3.5,0.268,900,2200
3/21/2014,7.25,46.6,2.4,0.03,780,1100
3/21/2014,7.81,52.3,0.5,0.01,1300,1700
3/21/2014,7.13,,2.2,0.8,NaN,60
3/21/2014,7.17,,2.2,1.2,NaN,80
3/21/2014,7.22,,2.8,1,NaN,70
3/21/2014,7.24,,0.6,0.8,NaN,27
3/21/2014,6.06,343,17.9,0.21,13000,25000
3/21/2014,7.05,29.8,2.5,0.06,780,1300
3/21/2014,7,375,48.4,17.5,31000,46000
3/21/2014,7.2,261,22,4.8,19000,30000
3/21/2014,7.1,422,75.5,20,59000,94000
3/21/2014,7.9,217,4.6,0.244,2700,3300
3/21/2014,7.92,229,2.25,0.252,900,2200
3/21/2014,7.88,231,3.15,0.268,800,1700
3/22/2014,8,223,2,0.2,380,1500
3/22/2014,7.8,112,0.4,1.646,220,790
3/22/2014,8.2,139,0.6,0.231,2700,13000
3/22/2014,7.9,240,1,0.17,490,2800
3/22/2014,7.7,600,1.3,NaN,NaN,NaN
3/22/2014,7.9,300,2,0.28,430,1700
3/22/2014,7.36,375,1.2,0.5,NaN,NaN
3/22/2014,7.9,250,2.7,NaN,3000,9000
3/22/2014,7.7,690,1.5,NaN,NaN,NaN
3/22/2014,8.3,278,0.5,0.231,130,330
3/22/2014,7.5,266,2,0.26,700,3500
3/22/2014,7.22,,1.4,0.9,NaN,40
3/22/2014,7.7,522,1.6,NaN,NaN,NaN
3/22/2014,7.7,628,1.5,NaN,NaN,NaN
3/22/2014,7,72,2,2.5,68,150
3/23/2014,7.33,423,2.2,0.94,NaN,14
3/23/2014,7.8,290,2.5,NaN,2200,5000
3/23/2014,7.7,274,2.4,NaN,1100,2200
3/23/2014,7.8,262,2.4,NaN,800,2400
3/23/2014,7.8,271,2.4,NaN,1300,2400
3/23/2014,7.9,264,2.5,NaN,1100,2400
3/24/2014,7.86,277,1.2,NaN,NaN,50
3/24/2014,8.33,650,1.3,0.637,500,900
3/24/2014,8.11,1680,0.1,1.92,900,1600
3/24/2014,7.89,169,12,0.5,NaN,63
3/24/2014,8.01,267,1.55,0.236,400,1400
3/24/2014,8.07,266,1.4,0.196,1300,2200
3/24/2014,7.94,218,4,0.224,1300,2100
3/24/2014,7.2,155,7.2,6,390,700
3/24/2014,2.4,1275,12,2.9,22,48
3/24/2014,7.62,1161,2,1.16,130,220
3/24/2014,6.53,68.2,2.4,0.02,13000,24000
3/24/2014,6.85,116.9,2.1,0.01,330,490
3/24/2014,6,62.3,1.6,0.11,2300,4900
3/24/2014,7.7,358,2.6,NaN,3000,9000
3/24/2014,7.8,276,2.4,NaN,1100,2200
3/24/2014,8.27,1280,2.8,NaN,500,900
3/24/2014,7.98,1660,0.5,1.89,900,1600
3/24/2014,7.92,116,12,0.5,NaN,46
3/25/2014,7.63,,5.2,NaN,NaN,1600
3/25/2014,6.6,65,3.4,0.08,6,14
3/25/2014,6.5,93,2.4,0.15,6,14
3/25/2014,6.53,134,2,0.16,7,21
3/25/2014,8.4,1041,NaN,0.16,900,1600
3/25/2014,8.6,975,3.1,0.33,1600,1600
3/25/2014,8.5,690,3.9,0.15,900,1600
3/25/2014,6.33,71,3.6,0.14,6,17
3/25/2014,6.41,59,2,0.09,4,11
3/25/2014,7.1,35.5,2.9,0.51,780,1300
3/25/2014,7.5,142,3,2.7,2700,3900
3/25/2014,8.5,670,2.7,0.23,1600,1600
3/25/2014,8.4,610,4.2,0.12,1600,1600
3/25/2014,7.23,108,2.6,0.34,1100,4000
3/25/2014,8.12,311,1.4,1.5,NaN,140
3/25/2014,7.2,181.5,2.5,0.3,13000,22000
3/25/2014,7.31,263,7.05,0.384,90000,160000
3/25/2014,7.67,642,8.95,0.364,90000,160000
3/25/2014,7.36,161,2,0.124,2100,5000
3/25/2014,7.57,,2.4,NaN,NaN,220
3/25/2014,8.4,602,3.2,0.15,900,1600
3/25/2014,8.27,460,0.4,0.62,NaN,4
3/25/2014,6.42,58,1.8,0.1,6,13
3/25/2014,6.63,148,1.8,0.17,4,13
3/25/2014,6.68,185,1.6,0.18,7,17
3/25/2014,7.1,30.4,1,0.03,1300,1700
3/25/2014,7,65,2,2.4,31,70
3/25/2014,6.9,68,2.2,2.9,31,63
3/25/2014,4.7,62,1.8,2.2,21,43
3/26/2014,8.02,464,1.2,1.02,NaN,130
3/26/2014,7.89,648,1.6,5.64,NaN,350
3/26/2014,8,191,1,0.18,330,1400
3/26/2014,8.35,690,1.1,0.42,NaN,9
3/26/2014,7.56,,52,NaN,NaN,NaN
3/26/2014,7.64,1410,18,22,43,1600
3/26/2014,7.86,264,1.1,0.079,NaN,94
3/26/2014,8,622,1.4,0.982,NaN,170
3/26/2014,7.8,110,2.4,0.42,2200,8000
3/26/2014,7.3,718,24,NaN,NaN,NaN
3/26/2014,7.2,248,6.4,NaN,NaN,NaN
3/26/2014,7.1,216,2.2,NaN,NaN,NaN
3/26/2014,8.19,450,0.8,0.54,NaN,4
3/26/2014,7.85,640,0.8,0.62,NaN,4
3/26/2014,8.17,450,0.7,0.58,NaN,4
3/26/2014,8.08,520,1.1,0.62,NaN,4
3/26/2014,7.8,265,2.4,NaN,1100,2200
3/26/2014,7.2,85,1.8,3.4,34,79
3/26/2014,7,70,1.4,3,17,46
3/27/2014,7.9,264,1,0.17,490,2400
3/27/2014,7.2,,0.8,1,NaN,36
3/27/2014,7.5,232,NaN,1.546,NaN,18
3/27/2014,7.3,1515,7,8.2,NaN,NaN
3/27/2014,8.42,167,1.2,0.5,NaN,63
3/27/2014,8.05,491,0.9,1.12,NaN,79
3/27/2014,8.11,636,1.8,2.12,NaN,430
3/27/2014,7.8,803,1.6,NaN,NaN,NaN
3/27/2014,7.5,1229,4,1.89,NaN,1600
3/27/2014,7.8,596,1.9,NaN,NaN,NaN
3/28/2014,7.47,,1.2,NaN,NaN,40
3/28/2014,7.65,788,3.4,4.1,NaN,280
3/28/2014,7.76,330,3,6.22,900,1600
3/28/2014,7.66,379,0.9,0.712,NaN,58
3/28/2014,7.5,544,1.8,NaN,NaN,NaN
3/28/2014,8,320,2.7,0.452,7900,13000
3/28/2014,7.79,1500,2.5,7.64,900,1600
3/28/2014,7.68,187,2.8,0.8,2700,8000
3/28/2014,7.61,496,0.8,0.368,NaN,150
3/28/2014,6.72,2960,88,6,6,1600
3/28/2014,8.24,867,4,10.2,NaN,220
3/28/2014,8.01,1060,1.9,23.5,NaN,170
3/28/2014,7.5,565,1.9,NaN,NaN,NaN
3/28/2014,8.1,222,1.1,0.588,4900,13000
3/28/2014,8,1287,3.2,0.885,24000,35000
3/28/2014,7.84,443,5.5,NaN,70000,140000
3/28/2014,7.45,,44,NaN,NaN,1600
3/28/2014,7.6,,12,NaN,NaN,1600
3/29/2014,8.25,410,1,0.25,700,2200
3/29/2014,7.4,1013,1.3,0.462,NaN,140
3/29/2014,8.1,536,1,0.25,790,3500
3/31/2014,8.28,492,2.4,NaN,1400,3000
3/31/2014,8.23,242,2.2,NaN,NaN,NaN
3/31/2014,7.5,318,NaN,0.512,NaN,32
3/31/2014,7.5,240,1.1,1.02,NaN,93
3/31/2014,7.5,296,NaN,0.484,NaN,28
3/31/2014,7.6,192,1.2,1.02,NaN,120
3/31/2014,7.7,198,2,1.12,NaN,240
3/31/2014,8.25,535,2.6,NaN,3000,9000
3/31/2014,8.27,525,2.4,NaN,2400,5000
3/31/2014,8.26,236,2,NaN,500,1100
4/1/2014,8.42,645,1,0.82,NaN,2100
4/1/2014,8.58,394,4.4,NaN,13000,17000
4/1/2014,8,780,2.3,1.1,20,600
4/1/2014,8.06,812,1,0.62,NaN,1400
4/1/2014,7,340,20,NaN,NaN,NaN
4/1/2014,8.3,368,4,NaN,NaN,NaN
4/1/2014,7.9,256,2,1.23,NaN,NaN
4/1/2014,7.6,175,2.6,1.2,NaN,NaN
4/1/2014,7.6,180,4,1.14,NaN,NaN
4/1/2014,8.13,571,3.05,2.472,2100,5000
4/1/2014,7.34,13140,3.2,0.93,20000,55000
4/1/2014,7.37,4250,0.7,0.01,8000,17000
4/1/2014,6.9,75,0.3,0.42,5400,7000
4/1/2014,6.5,87,0.5,0.02,110,220
4/1/2014,6.9,86,0.6,0.07,920,1600
4/1/2014,7.76,50.51,2.4,0.11,1300,1700
4/1/2014,7.8,253,1.1,1.38,NaN,NaN
4/1/2014,7.7,195,2,0.78,NaN,NaN
4/1/2014,8.2,386,1.8,1.5,70000,90000
4/1/2014,6.98,77.65,1.5,0.52,4900,7900
4/1/2014,6.6,56,1.1,0,220,630
4/1/2014,NaN,105,NaN,NaN,NaN,NaN
4/1/2014,NaN,100,NaN,NaN,NaN,NaN
4/1/2014,NaN,115,1,NaN,NaN,NaN
4/1/2014,NaN,112,0.7,NaN,NaN,NaN
4/1/2014,6.9,16.91,1.7,1.39,4900,13000
4/1/2014,6.88,8.395,1.8,0.05,3300,7000
4/1/2014,6.6,52,1,0,240,540
4/1/2014,7.4,6240,4.8,0,180,350
4/1/2014,7.6,53290,1.2,1.04,3500,7000
4/1/2014,8.34,357,2.2,1.4,8000,11000
4/1/2014,7.2,256,2.2,1.24,NaN,NaN
4/1/2014,7.1,212,1.8,1.33,NaN,NaN
4/1/2014,7.6,231,1.2,1.27,NaN,NaN
4/1/2014,8,265,2,1.01,NaN,NaN
4/1/2014,7.9,203,3.7,1.24,NaN,NaN
4/1/2014,7.8,80,1,0.34,NaN,NaN
4/1/2014,7.7,84,NaN,0.45,NaN,NaN
4/1/2014,7.8,90,1,0.45,NaN,NaN
4/1/2014,7.8,96,1,0.56,NaN,NaN
4/1/2014,7.6,90,1,0.47,NaN,NaN
4/1/2014,7.9,110,1.2,0.56,NaN,NaN
4/1/2014,7.8,100,NaN,0.345,NaN,NaN
4/1/2014,7.5,100,NaN,0.34,NaN,NaN
4/1/2014,7.9,290,1.2,1,200,500
4/1/2014,7.9,264,1,1,110,500
4/1/2014,7.6,430,2.4,0.8,790,1400
4/1/2014,7.5,1170,8,2.4,13000,17000
4/1/2014,7.3,1210,84,3.6,28000,35000
4/1/2014,7.2,1260,80,3,46000,59000
4/1/2014,7.1,1610,84,4,35000,49000
4/1/2014,7.1,408,2,1.2,110,500
4/1/2014,7.5,932,8,3,40000,65000
4/2/2014,8.3,1081,10,NaN,NaN,NaN
4/2/2014,7.3,184,2,0.2,12000,21000
4/2/2014,8.13,308,3.4,NaN,5000,9000
4/2/2014,7.3,250,2.8,NaN,NaN,NaN
4/2/2014,7.3,240,3,0.17,300,900
4/2/2014,7.6,210,3,0.15,130,240
4/2/2014,7.22,85,0.8,0.24,14000,28000
4/2/2014,7.34,135,1,0.29,17000,35000
4/2/2014,7.2,158,0.6,0.38,46,70
4/2/2014,7.59,192,1.1,0.188,700,900
4/2/2014,7.2,540,24,NaN,3900,6300
4/2/2014,8.18,282,2.6,0.78,1300,2300
4/2/2014,8.2,275,2.4,0.72,1700,2600
4/2/2014,8.14,378,2.8,0.14,140,330
4/2/2014,7.4,210,4,0.17,900,1600
4/2/2014,6.8,54,0.4,0,280,1700
4/2/2014,6.7,952,34,28.5,29000,240000
4/2/2014,7,272,2,0.9,730,731
4/2/2014,7.8,134,2.7,0,240,630
4/2/2014,7,42400,2.1,0.2,43,110
4/2/2014,8.4,1069,10,NaN,NaN,NaN
4/2/2014,7.7,220,3,0.22,130,240
4/2/2014,7.63,360,4,1,NaN,160
4/2/2014,6.8,166,1.4,0.3,360,1500
4/2/2014,6.5,50,0.4,0,280,1100
4/2/2014,6.5,58,0.2,0,700,2300
4/2/2014,7.9,75,1.2,0.61,110,210
4/2/2014,7.8,114,2.8,0,130,310
4/2/2014,7.2,30000,0.6,0.68,1600,2800
4/2/2014,7,128,1.6,0.13,21,110
4/2/2014,8.29,320,3,NaN,1700,2700
4/2/2014,8.1,672,34.8,NaN,130000,240000
4/2/2014,8.48,284,3.3,NaN,4000,7000
4/2/2014,7.9,130,2,0.15,70,170
4/2/2014,7.41,360,3,0.99,NaN,110
4/2/2014,8.1,138,0.9,0.32,43,63
4/3/2014,8.34,380,3.5,1.92,13000,26000
4/3/2014,8.34,552,2.3,1.98,1700,3200
4/3/2014,8.23,384,3.3,NaN,2200,3400
4/3/2014,8.64,452,4.8,NaN,31000,43000
4/3/2014,7.42,186,1.6,0.66,NaN,NaN
4/3/2014,7.8,6700,32,2.8,13000,54000
4/3/2014,7.3,1314,68,NaN,NaN,NaN
4/3/2014,7.5,147,1.2,0.14,490,1300
4/3/2014,7.7,201,2.2,0.538,11000,22000
4/3/2014,7.1,283,5.6,10.12,160000,160000
4/3/2014,8.43,320,3.8,NaN,11000,17000
4/3/2014,7.69,159,2.5,0.7,4200,6900
4/3/2014,7.4,240,4,0.12,2100,4800
4/3/2014,7.29,141,1.4,0.8,NaN,NaN
4/3/2014,8.33,373,3.9,0.88,400000,650000
4/3/2014,8.32,364,2.8,1.34,250000,400000
4/3/2014,7.4,127,1.2,0.89,220,540
4/3/2014,7.3,42,0.8,0.16,220,310
4/3/2014,7.6,98,0.7,0.32,630,1800
4/3/2014,6.8,2698,1.2,0.46,17,70
4/3/2014,7.32,679,5.1,0.99,110000,140000
4/3/2014,7.4,708,2.8,NaN,NaN,NaN
4/3/2014,6.9,160,1,0.4,21000,110000
4/3/2014,6.9,3883,1.8,1.2,160,430
4/3/2014,6.6,88,1,0.05,43,110
4/3/2014,7,89,1.2,0.05,21,49
4/3/2014,6.8,8817,1,0.17,21,110
4/3/2014,7,83,0.8,0.22,180,280
4/3/2014,7.3,89,0.8,0.42,17,27
4/3/2014,8.1,1068,90,NaN,NaN,NaN
4/3/2014,7.3,229,4.2,0.298,7900,24000
4/3/2014,7.5,147,1.4,0.158,24000,35000
4/3/2014,8.36,386,3.4,1.9,14000,28000
4/3/2014,7.79,185,3.3,0.76,4400,7500
4/3/2014,7.2,636,7.2,0.32,2800000,3500000
4/3/2014,7.41,662,5.32,0.03,1100000,1400000
4/3/2014,8.02,706,4.3,1.4,NaN,NaN
4/3/2014,7.6,93,0.8,0.3,49,70
4/3/2014,7,36,0.1,0,140,430
4/3/2014,8.21,304,3.3,NaN,5000,8000
4/4/2014,8.49,359,4.7,0.88,150000,1100000
4/4/2014,7.78,353,3.2,0.21,13000,23000
4/4/2014,7.8,191,3.4,0.8,4800,7800
4/4/2014,7.6,423,4,NaN,NaN,NaN
4/4/2014,7.06,173,1.9,0.46,NaN,NaN
4/4/2014,6.8,39,1.5,0.18,220,920
4/4/2014,7.6,90,1.8,0.58,31,180
4/4/2014,7.7,104,1.2,0.85,220,630
4/4/2014,6.72,45,0.8,0.42,NaN,NaN
4/4/2014,7.32,634,1.9,0.84,NaN,NaN
4/4/2014,8.36,1230,3.4,2.4,50,670
4/4/2014,7.9,326,1.8,0.9,910,2000
4/4/2014,7.5,247,2.5,0.2,300,4300
4/4/2014,7.16,218,2,0.54,NaN,NaN
4/4/2014,7,60,3.6,0.5,94,430
4/4/2014,7.6,138,0.5,0.3,110,350
4/4/2014,8.3,122,0.8,0.29,140,430
4/4/2014,9.2,1141,3,0.1,430,920
4/4/2014,7.1,286,1.3,0.15,34,140
4/4/2014,7.97,594,1,2,14,68
4/4/2014,7.62,118,6.2,NaN,23000,46000
4/4/2014,7.48,132,7.8,NaN,46000,79000
4/4/2014,7.94,164,7.2,NaN,34000,70000
4/4/2014,7.01,578,3.5,0.296,22000,30000
4/4/2014,7,543,2.3,0.32,24000,30000
4/4/2014,8.12,1054,2.1,1.5,30,86
4/4/2014,8,49.34,3.2,0.13,1300,3300
4/4/2014,8,50.72,2.8,0.08,450,780
4/4/2014,7.96,53.55,1.9,NaN,450,450
4/4/2014,7.77,52.38,0.9,0.01,4900,13000
4/4/2014,7.6,52.22,1.6,NaN,2300,4900
4/4/2014,7.17,52.89,1.2,0.07,7900,17000
4/4/2014,7.34,131,0.8,0.68,NaN,NaN
4/4/2014,7.9,149,0.9,0.01,140,430
4/4/2014,7.7,95,1.2,0.45,210,350
4/4/2014,6.7,35,2,0.21,140,170
4/4/2014,6.7,43100,0.6,0.7,20,100
4/4/2014,6.75,,274,NaN,NaN,NaN
4/5/2014,6.9,61,0.6,0.99,2800,5400
4/5/2014,7.84,343,0.8,0.844,NaN,94
4/5/2014,8.32,384,3.3,2.24,21000,32000
4/5/2014,6.5,64,1,0.6,180,310
4/5/2014,8.4,357,0.4,0.2,63,110
4/5/2014,6.9,164,0.6,1.05,220,350
4/5/2014,7.88,351,0.9,0.869,NaN,79
4/5/2014,8.14,5500,3.5,1.56,240000,500000
4/5/2014,7,57,0.6,0.98,170,280
4/5/2014,7.8,120,1.3,0.32,63,430
4/5/2014,7.91,530,1.5,0.999,NaN,350
4/5/2014,7.1,54000,1.5,0.2,21,110
4/5/2014,6.5,66,0.4,0.32,21,49
4/5/2014,7.7,48700,3,0.68,14,21
4/5/2014,7.1,52000,0.3,0.38,49,70
4/6/2014,8.41,831,1,2.6,10,600
4/6/2014,8.42,862,1.6,2.1,10,490
4/6/2014,8,,0.8,NaN,NaN,NaN
4/6/2014,7.8,,1.2,NaN,NaN,NaN
4/6/2014,8.12,,1,NaN,NaN,NaN
4/6/2014,8.2,,0.8,NaN,NaN,NaN
4/6/2014,8.02,,1.2,NaN,NaN,NaN
4/6/2014,7.62,4260,14.8,3,34000,220000
4/6/2014,7.53,16920,36.3,4.6,22000,26000
4/7/2014,6.7,2100,1.8,1.49,34,170
4/7/2014,7.6,112,0.5,0.19,6300,9400
4/7/2014,7.6,44000,0.8,0.62,1600,2200
4/7/2014,8.1,62,2,0.91,94,220
4/7/2014,7.48,448,3.5,0.24,17000,35000
4/7/2014,9.1,328,0.8,0.9,NaN,NaN
4/7/2014,7.82,373,6.1,0.39,2000,4000
4/7/2014,8.25,905,0.7,0.52,2,1400
4/7/2014,7.26,531,1.1,0.58,NaN,1100
4/7/2014,8.56,931,3.5,0.44,140,260
4/7/2014,7.92,25500,0.6,0.38,4900,14000
4/7/2014,7.2,1256,1.7,0.4,28000,35000
4/7/2014,7.47,1056,2,1.15,210,470
4/7/2014,7.43,108.5,1.5,0.02,230,460
4/7/2014,6.98,531,0.8,0.52,NaN,2100
4/7/2014,7.6,110,2.5,0.4,910,911
4/7/2014,7,129,3.8,0.25,0,0
4/7/2014,6.9,199,2.9,0.5,110000,240000
4/7/2014,8.1,36,8.4,0.24,94,700
4/7/2014,7.5,708,2.9,2,10,530
4/7/2014,7.8,449,10,NaN,NaN,NaN
4/7/2014,7.6,417,10,NaN,NaN,NaN
4/7/2014,7.37,531,1.4,0.168,5000,7000
4/7/2014,8.65,301,1.2,0.74,NaN,NaN
4/7/2014,8.01,115,0.3,1.31,NaN,NaN
4/7/2014,7.97,3570,44,3.46,280000,350000
4/7/2014,7.55,3480,34,2.27,350000,1600000
4/7/2014,7.86,46.3,2.4,0.02,780,780
4/8/2014,7,35,1.2,0.27,70,280
4/8/2014,8.3,551,0.9,0.34,35000,160000
4/8/2014,8.54,358,2.1,0.42,30000,80000
4/8/2014,6.1,202,1.4,1.32,63,110
4/8/2014,8.02,444,1,1,10,84
4/8/2014,8.3,831,2.8,1.4,40,580
4/8/2014,8.15,540,0.2,0.29,28000,35000
4/8/2014,8.34,1072,1.2,0.19,28000,35000
4/8/2014,7.5,1256,0.7,0.16,35000,160000
4/8/2014,8.18,464,2.8,0.14,80,220
4/8/2014,7.92,175,2.2,0,320,380
4/8/2014,8.52,1127,1.6,1,10,120
4/8/2014,7.16,6.37,2.2,0.03,2300,4900
4/8/2014,8.07,451,1.2,1,10,94
4/8/2014,7.1,129,0.6,0.4,1500,1501
4/8/2014,7.7,166,1.5,0.7,7500,240000
4/8/2014,7.84,160.21,1.8,0.01,4900,7900
4/8/2014,8,156,0.1,0,21,79
4/8/2014,8.3,306,3.8,0.1,110,240
4/8/2014,7.9,2078,8.6,8,30,184
4/8/2014,7.72,217,3.2,0.07,22000,80000
4/8/2014,7.68,212,1.7,0.29,7000,14000
4/8/2014,7.76,775,1.1,0.74,4000,13000
4/8/2014,7.92,348,4.1,0.07,3000,5000
4/8/2014,7.28,145,2.1,0.112,800,2300
4/8/2014,7.35,125,0.2,0.99,NaN,NaN
4/8/2014,7.9,545,0.9,0.42,28000,160000
4/8/2014,7.15,3320,59,3.05,140000,280000
4/8/2014,8.2,846,3,1.8,40,600
4/8/2014,7.29,17.85,1.3,0.2,450,450
4/8/2014,7.5,46.8,1.1,0.14,450,450
4/8/2014,7.5,114,0.7,0.42,220,310
4/9/2014,8.2,544,8,NaN,NaN,NaN
4/9/2014,8.13,110,0.1,0.204,49,280
4/9/2014,8.08,167,0.5,0.099,110,920
4/9/2014,6.23,91,3.4,0.14,7,21
4/9/2014,6.3,80,4.8,0.13,7,17
4/9/2014,6.08,104,2.2,0.15,4,13
4/9/2014,8.01,408,0.7,0.22,92000,160000
4/9/2014,7.5,301,1,1.24,4,43
4/9/2014,7.94,455,2.3,NaN,NaN,300
4/9/2014,7.65,617,1.5,0.35,17000,35000
4/9/2014,8.17,165,1.3,0.24,92000,160000
4/9/2014,8.12,439,0.8,0.22,14000,28000
4/9/2014,6.09,61,3.4,0.09,2,9
4/9/2014,6.13,55,3,0.07,4,14
4/9/2014,7.31,301,1.1,0.364,2600,22000
4/9/2014,8.18,163,3.8,0.32,460,520
4/9/2014,8.23,115,0.1,0.177,94,920
4/9/2014,7.5,46600,3,0.04,43,130
4/9/2014,7.1,73,1.2,0.12,170,430
4/9/2014,8.46,610,0.6,0.31,2,2200
4/9/2014,7.1,43800,2.9,0.05,63,310
4/9/2014,8,311,1,0.89,7,210
4/9/2014,8.3,620,8,NaN,NaN,NaN
4/9/2014,8.3,540,8,NaN,NaN,NaN
4/9/2014,8.3,784,8,NaN,NaN,NaN
4/9/2014,8.4,838,10,NaN,NaN,NaN
4/9/2014,8.3,545,8,NaN,NaN,NaN
4/9/2014,7.1,336,1,1.24,3,240
4/9/2014,7.2,401,1,0.928,240,460
4/9/2014,8.18,121,0.2,1.315,110,1600
4/9/2014,8.56,309,0.3,0.164,130,1600
4/9/2014,8.04,397,0.7,0.25,160000,160000
4/9/2014,7.67,192,0.7,0.29,54000,160000
4/9/2014,6.04,60,2.8,0.08,6,14
4/9/2014,6.22,125,2,0.18,4,14
4/9/2014,6.21,123,1.8,0.16,8,22
4/9/2014,8.07,389,0.6,NaN,NaN,0
4/9/2014,6.4,74,1.2,0.45,120,310
4/9/2014,75,,1.18,NaN,370,NaN
4/9/2014,98,,3.1,NaN,600,NaN
4/9/2014,7.76,252,3.7,0.31,4100,7300
4/9/2014,7.81,255,3.9,0.33,4300,7800
4/9/2014,7.95,297,3.1,0.284,900,1700
4/10/2014,8.2,320,2.2,0.12,60,140
4/10/2014,8.36,509,0.4,0.17,11000,22000
4/10/2014,8,500,3,0.2,140,280
4/10/2014,7.87,900,0.3,1.26,NaN,NaN
4/10/2014,8.06,1690,1.2,1.9,20,500
4/10/2014,8.37,554,0.8,0.25,28000,35000
4/10/2014,8.11,537,1.2,0.3,28000,160000
4/10/2014,7.53,1810,6,3.1,NaN,NaN
4/10/2014,7.4,450,1,NaN,350,1600
4/10/2014,7.5,382,1,NaN,14,240
4/10/2014,7.59,516,1.2,2.5,20,108
4/10/2014,7.51,532,1.6,3,20,176
4/10/2014,7.57,151,1.8,0.36,8000,14000
4/10/2014,7.83,159,0.3,0.9,NaN,NaN
4/10/2014,7.98,236,0.4,1.02,NaN,NaN
4/10/2014,8.63,151,0.8,1.19,NaN,NaN
4/10/2014,8.1,360,2.8,0.1,110,220
4/10/2014,8.1,330,2.8,0.12,60,140
4/10/2014,8.1,520,6,0.3,170,300
4/10/2014,7.9,460,4,0.3,130,280
4/10/2014,8.1,360,3,0.15,130,240
4/10/2014,8.34,555,0.7,0.27,28000,35000
4/10/2014,8.39,451,0.2,0.16,14000,35000
4/11/2014,8.46,197,0.1,0.153,49,110
4/11/2014,8.46,198,0.2,0.11,79,280
4/11/2014,8.54,214,0.3,0.105,94,240
4/11/2014,8.22,230,4.2,1.24,480,520
4/11/2014,7.3,136,0.4,0.9,43,110
4/11/2014,8.15,514,3.4,0.18,220,500
4/11/2014,7.39,170,0.4,0.87,NaN,NaN
4/12/2014,7.4,250,2.3,0.46,610,1200
4/12/2014,8.1,412,3.4,0.16,400,900
4/14/2014,7.22,480,2,0.39,NaN,17
4/14/2014,7.5,355,1.9,0.44,NaN,17
4/15/2014,7.8,256,1,0.34,3,210
4/15/2014,7.31,570,2.8,NaN,NaN,NaN
4/15/2014,7.9,279,1,0.78,3,210
4/15/2014,7.45,365,1.2,0.3,11,120
4/15/2014,7.6,935,1,0.11,3,210
4/15/2014,8.54,530,0.6,0.34,28000,35000
4/15/2014,7.7,61,4.9,2.94,21,300
4/15/2014,7.69,752,6.9,2.3,27,500
4/15/2014,7.74,454,0.6,0.38,2,2100
4/15/2014,8.06,445,1,0.52,4,2200
4/15/2014,7.93,525,1.2,0.58,2,2200
4/15/2014,7.7,499,0.7,0.36,NaN,1400
4/15/2014,7.79,100,NaN,NaN,NaN,400
4/15/2014,8.49,541,1.8,0.4,35000,160000
4/15/2014,7.4,633,0.5,0.65,2,1400
4/15/2014,8.6,452,0.6,0.65,2,1400
4/15/2014,9.67,390,3.2,1.6,NaN,NaN
4/15/2014,7.4,339,1.1,0.3,0,93
4/15/2014,7.7,880,47,6.8,84000,150000
4/15/2014,7.3,790,49,0.9,94000,170000
4/15/2014,7.54,450,36,0.5,130000,240000
4/15/2014,7.3,470,46,0.55,140000,260000
4/15/2014,7.36,1280,76,0.58,160000,280000
4/16/2014,6.62,159,2,NaN,7,21
4/16/2014,7.83,1660,0.5,0.72,NaN,1400
4/16/2014,6.69,131,2.4,NaN,9,34
4/16/2014,7.77,1723,42,12.94,39,1600
4/16/2014,7.99,292,6.3,0.304,2100,2600
4/16/2014,6.46,160,1.8,NaN,9,27
4/16/2014,6.31,139,2.8,NaN,6,14
4/17/2014,7.18,568,0.5,0.72,NaN,2100
4/17/2014,7.55,1750,56,45.88,70,1600
4/17/2014,7.5,,1.2,NaN,NaN,4
4/17/2014,7.5,,1.2,NaN,NaN,8
4/17/2014,7.54,1642,48,39.44,63,1600
4/17/2014,8.03,302,1,0.474,NaN,110
4/18/2014,7.88,500,1,NaN,NaN,94
4/18/2014,7.55,296,0.9,0.091,NaN,70
4/19/2014,7.7,200,0.2,0.82,NaN,NaN
4/20/2014,8.45,244,0.2,0.78,NaN,NaN
4/20/2014,7.5,160,7.4,6.5,490,750
4/20/2014,7.35,626,1.5,4.89,NaN,NaN
4/21/2014,8.9,282,1,0.28,340,1300
4/21/2014,7.8,147,0.3,0.232,45,130
4/21/2014,7.6,156,0.9,0.881,3300,11000
4/21/2014,7.59,,1,NaN,NaN,23
4/21/2014,7.4,,1.4,0.35,NaN,210
4/21/2014,8.8,720,3,0.7,840,3500
4/21/2014,8.5,330,3,0.32,1400,6300
4/21/2014,7.3,290,1.1,0.3,0,0
4/21/2014,7,145,1.8,0.5,0,360
4/21/2014,8.6,300,1,0.29,220,940
4/21/2014,7.44,45.3,2.1,0.03,3300,7900
4/21/2014,8.4,311,1.5,0.437,330,790
4/21/2014,7.9,45060,1.5,0.804,20,68
4/21/2014,7.5,425,4.8,7.9,9300,15000
4/21/2014,7.4,,1.5,0.4,NaN,120
4/21/2014,7.2,269,1.5,0.4,0,0
4/21/2014,7.6,295,1.4,0.3,2900,29000
4/21/2014,7.6,143,1.3,0.4,4300,4301
4/21/2014,7.3,71,1.3,0.2,0,360
4/21/2014,7.62,46,1.3,0.02,780,1300
4/21/2014,7.93,434,6.8,0.25,30000,40000
4/21/2014,7.47,,9.2,NaN,NaN,1600
4/21/2014,8.5,306,2,0.3,700,2800
4/21/2014,7.5,,1.4,0.35,NaN,240
4/21/2014,7.37,16.86,4.7,0.07,2300,4900
4/21/2014,8.21,286,5.4,0.224,30000,50000
4/21/2014,8.6,272,3.3,0.24,2200,3000
4/21/2014,8.87,266,2.4,0.236,3300,11000
4/22/2014,8.1,360,3,0.35,630,2100
4/22/2014,8.2,154,1.4,0.404,4900,13000
4/22/2014,8,315,5.4,7.566,22000,28000
4/22/2014,7.8,254,0.5,1.488,78,330
4/22/2014,8.2,146,1.6,0.296,490,1300
4/22/2014,7.51,,6.8,NaN,NaN,1600
4/22/2014,7.2,189,0.8,1.04,230,490
4/22/2014,8.1,327,5,7.254,17000,21000
4/22/2014,8.1,135,0.8,0.271,790,2400
4/22/2014,7.78,419,2.9,0.28,1600,3900
4/22/2014,8.02,312,1.8,1.89,NaN,48
4/22/2014,6.81,62.5,1.1,0.09,13000,24000
4/22/2014,7.25,137.1,1.5,0.09,780,1400
4/22/2014,6.51,76.4,1.6,0.03,2300,3300
4/22/2014,6.58,63.4,1,0.07,2300,3300
4/22/2014,7.12,162,1.9,0.6,NaN,NaN
4/22/2014,7.99,27100,0.6,0.85,2,2100
4/22/2014,8,144,0.4,0.274,78,230
4/22/2014,7.4,222,1.6,0.149,3500,9200
4/22/2014,8.1,200,1.9,0.731,3300,4900
4/22/2014,8,166,0.6,0.23,490,1300
4/22/2014,8.2,166,0.5,0.193,330,790
4/22/2014,7.7,84,0.8,0.414,790,1400
4/22/2014,7.4,236,1.4,0.118,490,1700
4/22/2014,7.8,218,0.8,0.268,230,790
4/22/2014,7.92,288,2.3,0.7,1700,3200
4/22/2014,7.8,296,2.4,0.73,2100,4600
4/22/2014,7.55,,40,NaN,NaN,1600
4/22/2014,7.64,,2.8,NaN,NaN,170
4/22/2014,7.12,,2,1,NaN,50
4/22/2014,7.21,,2.6,1.3,NaN,60
4/22/2014,7.2,77,2.4,3.6,79,170
4/23/2014,8,149,0.5,0.379,490,1100
4/23/2014,7.7,163,1.1,0.42,790,1300
4/23/2014,8.3,184,1.6,0.432,1100,2200
4/23/2014,7.4,1533,7,7,110,1600
4/23/2014,7.9,149,0.7,0.258,490,1100
4/23/2014,8.2,155,0.4,0.196,490,790
4/23/2014,7.9,207,0.9,0.613,1700,5400
4/23/2014,7.7,190,0.9,0.097,790,2400
4/23/2014,8,219,4.7,1.436,14000,28000
4/23/2014,7.4,165,0.6,0.314,1400,5400
4/23/2014,7.81,434,3.2,0.32,3100,5400
4/23/2014,7.94,577,8.6,3.6,63000,94000
4/23/2014,7.5,1310,73.8,0.61,160000,240000
4/23/2014,7.35,586,1.2,0.6,10,19
4/23/2014,7.45,335,1.5,0.55,11,22
4/23/2014,7.7,326,3,1.187,790,1100
4/23/2014,8.4,280,2,0.538,1100,3500
4/23/2014,7.2,340,2,0.46,NaN,17
4/23/2014,8.3,453,0.8,0.502,330,790
4/23/2014,8.2,187,0.5,0.252,490,1400
4/23/2014,8.2,209,3.8,1.466,13000,22000
4/23/2014,8.4,256,0.6,0.344,330,1700
4/23/2014,8,208,0.7,0.159,1100,3500
4/23/2014,7.68,137,2.8,0.1,2600,7000
4/23/2014,6.68,395,3.2,0.01,90000,230000
4/23/2014,8.13,73,0.1,0.269,43,140
4/23/2014,8.03,74,0.1,0.051,46,170
4/23/2014,7.41,334,1.6,0.71,7,15
4/23/2014,7.5,329,1.4,0.76,7,14
4/23/2014,7.71,437,2.8,40,NaN,21
4/23/2014,7.4,75,1.6,3.4,17,48
4/23/2014,7.2,94,2.6,5.6,33,70
4/23/2014,7.2,62,1.7,2.2,25,48
4/24/2014,7.73,62,0.1,0.094,43,140
4/24/2014,8.22,103,0.2,0.199,79,350
4/24/2014,8.28,265,0.5,0.42,NaN,NaN
4/24/2014,NaN,,NaN,NaN,NaN,NaN
4/24/2014,7.8,118,1,0.15,130,630
4/24/2014,7.4,62,1,0.05,140,470
4/24/2014,8.1,205,1.2,0.487,3300,7900
4/24/2014,8.2,188,3.4,0.377,22000,28000
4/24/2014,8,171,0.6,0.294,110,270
4/24/2014,7.7,192,0.9,0.416,110,490
4/24/2014,7.9,191,0.5,0.7,490,1300
4/24/2014,7.26,79,0.2,0.247,49,240
4/24/2014,7.91,356,3.4,NaN,4300,17000
4/24/2014,6.88,54,0.4,0.75,NaN,NaN
4/24/2014,8.1,710,2,1.2,NaN,NaN
4/24/2014,7.6,145,2.8,3,400,740
4/24/2014,7.9,308,0.7,0.108,5400,16000
4/24/2014,8.64,191,3.1,NaN,4600,14000
4/24/2014,7.02,478,1.2,0.71,11,18
4/24/2014,7.6,207,0.8,0.353,490,1300
4/24/2014,8.1,305,2.3,0.144,1300,3500
4/24/2014,7.8,147,1.1,0.353,78,230
4/24/2014,8.18,178,0.2,NaN,63,220
4/24/2014,7.42,387,0.8,0.52,20,35
4/24/2014,7.5,399,1.5,0.71,15,29
4/24/2014,NaN,,NaN,NaN,NaN,NaN
4/24/2014,7.1,78,1.8,4.2,33,70
4/24/2014,6.8,450,50,22.4,33000,49000
4/24/2014,7.2,260,24,7.5,21000,31000
4/24/2014,7.1,470,78,24,63000,110000
4/24/2014,6.9,650,82,25.4,84000,124000
4/24/2014,6.6,65,2.4,1.8,31,63
4/24/2014,6.9,500,62,20.4,67000,120000
4/24/2014,7.1,345,38,15.5,53000,84000
4/24/2014,7.7,150,2.7,4.4,46,110
4/24/2014,7.8,155,2.7,4.6,49,110
4/24/2014,7.5,,16,NaN,NaN,NaN
4/24/2014,7.3,,20,NaN,NaN,NaN
4/25/2014,8.3,262,1,0.21,460,1700
4/25/2014,8.28,183,0.1,0.492,33,130
4/25/2014,7.2,193,2.1,0.907,9200,16000
4/25/2014,7.8,6880,2,0.466,54000,160000
4/25/2014,8.5,1059,4.1,0.1,1600,1600
4/25/2014,84,1019,3,0.2,900,1600
4/25/2014,8.2,936,7,0.83,1400,6300
4/25/2014,7.8,198,1,0.17,580,2100
4/25/2014,7.6,270,1,0.17,790,2400
4/25/2014,8.4,198,0.5,0.259,700,3500
4/25/2014,7.57,213,1.6,0.244,8000,11000
4/25/2014,7.55,197,4.5,0.236,13000,17000
4/25/2014,7.4,74,2.8,0.58,11,33
4/25/2014,8.6,192,1,0.19,330,1400
4/25/2014,7.2,39.1,1.2,0.28,1300,2300
4/25/2014,7.5,150,2.4,4.4,390,740
4/25/2014,8.4,949,2.8,0.2,300,900
4/25/2014,NaN,,NaN,NaN,NaN,NaN
4/25/2014,8.5,627,2,0.3,500,900
4/25/2014,6.44,181.3,2.2,0.23,17000,35000
4/25/2014,6.6,526,1.6,0.15,79,430
4/25/2014,6.2,2728,1.6,0.94,34,140
4/25/2014,8.2,192,0.8,0.263,110,460
4/25/2014,7.9,160,1.4,1.875,790,2200
4/25/2014,8.5,237,1.3,0.247,13000,22000
4/25/2014,8.4,318,1.7,0.648,22000,28000
4/25/2014,8,71,0.3,0.207,94,220
4/25/2014,7.68,47,0.2,0.64,NaN,NaN
4/25/2014,6.82,49,0.1,0.34,NaN,3
4/25/2014,7.29,67,0.1,0.24,NaN,NaN
4/25/2014,7.54,649,1.2,0.7,7,14
4/25/2014,7.39,578,1.6,0.71,6,14
4/25/2014,7.4,746,22,NaN,NaN,NaN
4/25/2014,7.4,894,8,NaN,NaN,NaN
4/25/2014,7.2,538,12,NaN,NaN,NaN
4/25/2014,7.3,946,56,NaN,NaN,NaN
4/25/2014,7.5,865,38,NaN,NaN,NaN
4/25/2014,7.1,464,26,NaN,NaN,NaN
4/25/2014,7.1,571,56,NaN,NaN,NaN
4/25/2014,7.2,282,5.2,NaN,NaN,NaN
4/25/2014,7.1,226,2.4,NaN,NaN,NaN
4/25/2014,8.4,396,3,0.4,580,2100
4/25/2014,8.8,386,2,0.35,460,1700
4/25/2014,8.6,198,2,0.19,630,2200
4/25/2014,8.5,620,1.9,0.5,900,1600
4/25/2014,7.5,55,2.4,0.23,14,46
4/25/2014,7.1,36.2,1.3,0.33,3300,4900
4/25/2014,7.4,94,1.8,3.3,46,110
4/25/2014,7.4,82,2.1,3,33,79
4/25/2014,7.5,95,2.3,3.2,32,79
4/25/2014,7.9,7385,2.5,0.876,160000,160000
4/25/2014,7.9,7385,2.5,0.876,160000,160000
4/25/2014,7.81,241,2.2,0.272,8000,11000
4/26/2014,8.03,494,0.9,0.066,NaN,150
4/26/2014,7.88,660,1.8,0.96,NaN,240
4/26/2014,8.15,186,0.2,0.186,63,180
4/26/2014,8,19730,0.7,0.594,230,790
4/26/2014,8.1,123,0.2,0.215,70,220
4/26/2014,7.48,739,3.5,2.9,NaN,300
4/26/2014,8.22,680,2.6,1.66,NaN,540
4/26/2014,2.8,1200,6.2,2.3,22,49
4/26/2014,8.07,,1.4,NaN,NaN,17
4/26/2014,8.31,,1.2,NaN,NaN,NaN
4/26/2014,7.5,656,2,NaN,NaN,NaN
4/26/2014,7,138,2.8,3.3,2600,3600
4/26/2014,7.18,385,0.6,NaN,NaN,0
4/26/2014,8.07,389,0.6,NaN,NaN,0
4/26/2014,7.4,458,1.4,NaN,NaN,NaN
4/26/2014,8.14,529,1,1.88,NaN,220
4/26/2014,7.5,672,2.2,NaN,NaN,NaN
4/26/2014,7.4,,1.8,0.4,NaN,240
4/26/2014,2.2,1620,4,1.6,9,21
4/26/2014,7.4,360,2.6,5.5,340,600
4/26/2014,7.2,65,2.3,3.6,30,63
4/26/2014,7.1,69,2.2,3.4,31,58
4/26/2014,4.5,64,2,2.4,21,40
4/27/2014,7.21,,0.8,0.8,NaN,40
4/27/2014,8.4,634,NaN,0.1,900,1600
4/28/2014,8.2,123,0.2,0.23,700,1100
4/28/2014,8.4,195,0.8,0.44,16000,16000
4/28/2014,8.3,879,NaN,0.1,500,1600
4/28/2014,6.7,138,2.8,NaN,9300,24000
4/28/2014,6.5,160,1.2,1.3,24000,110000
4/28/2014,7.5,,1.8,0.55,NaN,240
4/28/2014,7.6,,1.6,0.5,NaN,210
4/28/2014,7.6,597,0.9,0.1,360,910
4/28/2014,6.7,87,1.6,0.1,0,2300
4/28/2014,7.2,315,1.4,0.2,910,4300
4/28/2014,6.8,144,0.6,0.3,0,2300
4/28/2014,8.2,151,0.5,0.419,330,790
4/28/2014,8,953,4,1.02,NaN,920
4/28/2014,7.7,627,1.8,NaN,NaN,NaN
4/28/2014,6.8,76,2.2,1.43,31,63
4/28/2014,7.3,80,2,2.8,33,63
4/28/2014,7.4,84,2.2,3.6,33,74
4/28/2014,7.2,108,2.8,5.6,49,110
4/28/2014,7.1,85,2,4.2,38,84
4/28/2014,7.2,85,2,3.5,33,70
4/28/2014,8.3,144,0.3,0.334,3500,5400
4/28/2014,8.3,144,0.3,0.334,3500,5400
4/29/2014,8.3,973,NaN,0.136,500,1600
4/29/2014,8.5,688,NaN,0.106,300,900
4/29/2014,8.5,1161,NaN,0.13,900,1600
4/29/2014,8.65,375,0.2,NaN,70,170
4/29/2014,7.54,196.4,NaN,NaN,10,32
4/29/2014,7.7,582,1.4,NaN,NaN,NaN
4/29/2014,7.72,615,2,0.4,NaN,NaN
4/29/2014,8.1,38730,0.9,0.796,78,230
4/29/2014,8.4,237,0.5,0.391,2200,9200
4/29/2014,7.32,80,2.4,0.6,800,3300
4/29/2014,8.2,15040,1.1,0.431,170,490
4/29/2014,8,150,0.5,0.372,1100,2600
4/29/2014,8.36,166,0.2,NaN,43,140
4/29/2014,8.3,473,NaN,0.1,900,1600
4/29/2014,7.23,,1.2,1,NaN,46
4/29/2014,7.26,,0.8,0.8,NaN,25
4/29/2014,7.8,528,1.4,NaN,NaN,NaN
4/29/2014,7.8,618,1.6,NaN,NaN,NaN
4/29/2014,7.9,185,1.5,3.4,39,94
4/29/2014,7.4,68,1.6,3,29,55
4/29/2014,7.4,80,1.7,2.8,27,54
4/29/2014,7.4,74,2.2,2.9,27,50
4/30/2014,8.14,252,0.5,0.97,NaN,NaN
4/30/2014,7.21,190,0.5,4.7,NaN,NaN
4/30/2014,7.86,325,3,5.33,NaN,NaN
4/30/2014,8.66,353,0.2,0.018,49,130
4/30/2014,7.89,322,0.6,6.16,NaN,NaN
4/30/2014,6.87,1144,3.8,1.57,24,82
4/30/2014,9,186,16,1.8,NaN,NaN
4/30/2014,8.5,589,16,1.8,NaN,NaN
4/30/2014,7.83,194,1.8,0.3,1700,5000
4/30/2014,8.72,402,0.1,NaN,23,79
4/30/2014,8.69,501,0.2,0.242,33,110
4/30/2014,7.93,329,1.2,0.86,NaN,12
4/30/2014,7.02,161,2,1.17,NaN,14
4/30/2014,7.8,220,1.2,NaN,NaN,NaN
4/30/2014,7.1,135,4.2,5.8,700,1400
4/30/2014,7.3,62,1.8,2.8,22,49
4/30/2014,7.4,82,2.2,4,29,53
5/1/2014,8.54,440,4.2,NaN,17000,21000
5/1/2014,8.07,268,0.2,0.067,110,350
5/1/2014,8.33,251,0.3,NaN,140,540
5/1/2014,7.38,600,2.6,2,10,500
5/1/2014,7.7,210,3.5,1.234,NaN,NaN
5/1/2014,7.85,75,1.6,1.06,NaN,NaN
5/1/2014,7.85,176,3,0.85,NaN,NaN
5/1/2014,7.8,145,3.4,1.954,NaN,NaN
5/1/2014,7.52,73,1,1.2,NaN,NaN
5/1/2014,8.42,1154,3.4,4,20,650
5/1/2014,8.5,274,14,1.3,NaN,NaN
5/1/2014,8,210,11,0.9,NaN,NaN
5/1/2014,8.5,319,15,2.8,NaN,NaN
5/1/2014,8.5,200,15,1.9,NaN,NaN
5/1/2014,7,190,34,22.2,NaN,NaN
5/1/2014,8.5,373,19,6.4,NaN,NaN
5/1/2014,7,767,1.5,NaN,NaN,NaN
5/1/2014,7,776,1.6,NaN,NaN,NaN
5/1/2014,6,252,1.6,NaN,NaN,NaN
5/1/2014,6,293,1.5,NaN,NaN,NaN
5/1/2014,7.88,1597,1.8,12,32,184
5/1/2014,8.56,461,NaN,1,8,62
5/1/2014,8.32,330,2.8,NaN,2300,3100
5/1/2014,8.5,688,44.8,NaN,170000,280000
5/1/2014,7.7,140,2.3,1.765,NaN,NaN
5/1/2014,7.9,140,2.4,0.964,NaN,NaN
5/1/2014,7.7,145,3.2,0.954,NaN,NaN
5/1/2014,7.6,231,1.7,1.27,NaN,NaN
5/1/2014,7.7,140,3.6,1.765,NaN,NaN
5/1/2014,7.7,125,1,0.21,NaN,NaN
5/1/2014,7.79,126,NaN,0.43,NaN,NaN
5/1/2014,7.85,87,NaN,0.14,NaN,NaN
5/1/2014,7.9,85,NaN,0.69,NaN,NaN
5/1/2014,8,100,1,0.58,NaN,NaN
5/1/2014,7.8,140,1,0.67,NaN,NaN
5/1/2014,8.1,120,NaN,0.434,NaN,NaN
5/1/2014,7.45,110,1,0.45,NaN,NaN
5/1/2014,8.4,275,NaN,1.2,500,900
5/1/2014,8.3,290,NaN,1.2,210,390
5/1/2014,7.5,450,2.6,0.7,400,700
5/1/2014,7.3,1230,8.6,2.2,1100,2300
5/1/2014,7.2,1260,60,3.8,1400,2800
5/1/2014,7.1,1280,67,2.8,21000,39000
5/1/2014,7.2,1570,80,8.2,43000,64000
5/1/2014,8,348,1.4,1.4,280,430
5/1/2014,7.6,794,6,3.2,43000,75000
